dataset,scope_dataset,global_pca,seed,layer,eps,cc,tag,mode,k_selected,selection_reason,top_components_considered,corr_score_vs_delta_margin,n_vectors,cos_mean,cos_median,cos_p25,cos_p75,pca_path,fig_path,perturbation_type
bbq,global,True,42,14,0.5,ambig,separate,chosen,0,top5_by_explained_variance,"0,1,2,3,4",0.16443598885753624,15,0.21679265797138214,0.1921153962612152,0.15904183685779572,0.27794262766838074,results/outputs/global_verify_components/pca/pca_global_train_seed42_layer14_eps0.5_k10_ambig_separate_chosen_n15.pt,results/analysis/global_topN_component_alignment_sweep/figs/bbq__scope-global__ptype-separate__seed42__layer14__eps0.5__ambig__chosen__k0.png,separate
bbq,global,True,42,14,0.5,ambig,separate,chosen,0,top5_by_explained_variance,"0,1,2,3,4",-0.09270718379310951,200,0.20238834619522095,0.20095831155776978,0.1275033801794052,0.2708413004875183,results/outputs/global_verify_components/pca/pca_global_train_seed42_layer14_eps0.5_k10_ambig_separate_chosen_n200.pt,results/analysis/global_topN_component_alignment_sweep/figs/bbq__scope-global__ptype-separate__seed42__layer14__eps0.5__ambig__chosen__k0.png,separate
bbq,global,True,42,14,0.5,ambig,separate,chosen,0,top5_by_explained_variance,"0,1,2,3,4",0.1612720706615129,200,0.3101801574230194,0.3172033429145813,0.22947156429290771,0.39432668685913086,results/outputs/global_verify_components/pca/pca_global_train_seed42_layer14_eps0.5_k10_ambig_separate_chosen_n400.pt,results/analysis/global_topN_component_alignment_sweep/figs/bbq__scope-global__ptype-separate__seed42__layer14__eps0.5__ambig__chosen__k0.png,separate
bbq,global,True,42,14,0.5,ambig,separate,chosen,0,top5_by_explained_variance,"0,1,2,3,4",0.13785858739821458,200,0.3437443673610687,0.3475293517112732,0.2702152729034424,0.42573124170303345,results/outputs/global_verify_components/pca/pca_global_train_seed42_layer14_eps0.5_k10_ambig_separate_chosen_n600.pt,results/analysis/global_topN_component_alignment_sweep/figs/bbq__scope-global__ptype-separate__seed42__layer14__eps0.5__ambig__chosen__k0.png,separate
bbq,global,True,42,14,0.5,ambig,separate,chosen,0,top5_by_explained_variance,"0,1,2,3,4",0.12679982964481443,200,0.3350498676300049,0.3385588526725769,0.26734262704849243,0.4133961498737335,results/outputs/global_verify_components/pca/pca_global_train_seed42_layer14_eps0.5_k10_ambig_separate_chosen_n800.pt,results/analysis/global_topN_component_alignment_sweep/figs/bbq__scope-global__ptype-separate__seed42__layer14__eps0.5__ambig__chosen__k0.png,separate
bbq,global,True,42,14,0.5,ambig,separate,chosen,0,top5_by_explained_variance,"0,1,2,3,4",0.10580824383165147,200,0.10026517510414124,0.07949869334697723,0.03206265717744827,0.16374549269676208,results/outputs/global_verify_components/pca/pca_global_train_seed42_layer14_eps0.5_k10_ambig_separate_chosen_n950.pt,results/analysis/global_topN_component_alignment_sweep/figs/bbq__scope-global__ptype-separate__seed42__layer14__eps0.5__ambig__chosen__k0.png,separate
bbq,global,True,42,14,0.5,ambig,separate,rejected,0,top5_by_explained_variance,"0,1,2,3,4",-0.12691359328810248,15,0.15015023946762085,0.17512308061122894,0.09438009560108185,0.21833883225917816,results/outputs/global_verify_components/pca/pca_global_train_seed42_layer14_eps0.5_k10_ambig_separate_rejected_n15.pt,results/analysis/global_topN_component_alignment_sweep/figs/bbq__scope-global__ptype-separate__seed42__layer14__eps0.5__ambig__rejected__k0.png,separate
bbq,global,True,42,14,0.5,ambig,separate,rejected,0,top5_by_explained_variance,"0,1,2,3,4",-0.3324439208239888,200,0.13227874040603638,0.11318549513816833,0.0629882663488388,0.19409899413585663,results/outputs/global_verify_components/pca/pca_global_train_seed42_layer14_eps0.5_k10_ambig_separate_rejected_n200.pt,results/analysis/global_topN_component_alignment_sweep/figs/bbq__scope-global__ptype-separate__seed42__layer14__eps0.5__ambig__rejected__k0.png,separate
bbq,global,True,42,14,0.5,ambig,separate,rejected,0,top5_by_explained_variance,"0,1,2,3,4",0.18669544659634654,200,0.29292941093444824,0.2973778545856476,0.2655230760574341,0.33160093426704407,results/outputs/global_verify_components/pca/pca_global_train_seed42_layer14_eps0.5_k10_ambig_separate_rejected_n400.pt,results/analysis/global_topN_component_alignment_sweep/figs/bbq__scope-global__ptype-separate__seed42__layer14__eps0.5__ambig__rejected__k0.png,separate
bbq,global,True,42,14,0.5,ambig,separate,rejected,0,top5_by_explained_variance,"0,1,2,3,4",0.1340499327729092,200,0.3732312023639679,0.37274065613746643,0.3496014177799225,0.403452068567276,results/outputs/global_verify_components/pca/pca_global_train_seed42_layer14_eps0.5_k10_ambig_separate_rejected_n600.pt,results/analysis/global_topN_component_alignment_sweep/figs/bbq__scope-global__ptype-separate__seed42__layer14__eps0.5__ambig__rejected__k0.png,separate
bbq,global,True,42,14,0.5,ambig,separate,rejected,0,top5_by_explained_variance,"0,1,2,3,4",0.014287112792292812,200,0.32123643159866333,0.32083702087402344,0.29847395420074463,0.3460739254951477,results/outputs/global_verify_components/pca/pca_global_train_seed42_layer14_eps0.5_k10_ambig_separate_rejected_n800.pt,results/analysis/global_topN_component_alignment_sweep/figs/bbq__scope-global__ptype-separate__seed42__layer14__eps0.5__ambig__rejected__k0.png,separate
bbq,global,True,42,14,0.5,ambig,separate,rejected,0,top5_by_explained_variance,"0,1,2,3,4",0.1993257686876956,200,0.24245677888393402,0.25645309686660767,0.19510221481323242,0.2992512285709381,results/outputs/global_verify_components/pca/pca_global_train_seed42_layer14_eps0.5_k10_ambig_separate_rejected_n950.pt,results/analysis/global_topN_component_alignment_sweep/figs/bbq__scope-global__ptype-separate__seed42__layer14__eps0.5__ambig__rejected__k0.png,separate
bbq,global,True,42,14,0.5,ambig,separate,chosen,1,top5_by_explained_variance,"0,1,2,3,4",-0.4137405044610407,15,0.14869894087314606,0.13892902433872223,0.07305851578712463,0.21720147132873535,results/outputs/global_verify_components/pca/pca_global_train_seed42_layer14_eps0.5_k10_ambig_separate_chosen_n15.pt,results/analysis/global_topN_component_alignment_sweep/figs/bbq__scope-global__ptype-separate__seed42__layer14__eps0.5__ambig__chosen__k1.png,separate
bbq,global,True,42,14,0.5,ambig,separate,chosen,1,top5_by_explained_variance,"0,1,2,3,4",0.4119416036420878,200,0.12502717971801758,0.11243957281112671,0.06957921385765076,0.17247305810451508,results/outputs/global_verify_components/pca/pca_global_train_seed42_layer14_eps0.5_k10_ambig_separate_chosen_n200.pt,results/analysis/global_topN_component_alignment_sweep/figs/bbq__scope-global__ptype-separate__seed42__layer14__eps0.5__ambig__chosen__k1.png,separate
bbq,global,True,42,14,0.5,ambig,separate,chosen,1,top5_by_explained_variance,"0,1,2,3,4",-0.06290255951045123,200,0.24251502752304077,0.2523733377456665,0.19405841827392578,0.2987073063850403,results/outputs/global_verify_components/pca/pca_global_train_seed42_layer14_eps0.5_k10_ambig_separate_chosen_n400.pt,results/analysis/global_topN_component_alignment_sweep/figs/bbq__scope-global__ptype-separate__seed42__layer14__eps0.5__ambig__chosen__k1.png,separate
bbq,global,True,42,14,0.5,ambig,separate,chosen,1,top5_by_explained_variance,"0,1,2,3,4",0.05468252864776655,200,0.10390321910381317,0.0986575111746788,0.06060529500246048,0.14358609914779663,results/outputs/global_verify_components/pca/pca_global_train_seed42_layer14_eps0.5_k10_ambig_separate_chosen_n600.pt,results/analysis/global_topN_component_alignment_sweep/figs/bbq__scope-global__ptype-separate__seed42__layer14__eps0.5__ambig__chosen__k1.png,separate
bbq,global,True,42,14,0.5,ambig,separate,chosen,1,top5_by_explained_variance,"0,1,2,3,4",-0.05856580040367372,200,0.1050025150179863,0.10667270421981812,0.04550890624523163,0.15614090859889984,results/outputs/global_verify_components/pca/pca_global_train_seed42_layer14_eps0.5_k10_ambig_separate_chosen_n800.pt,results/analysis/global_topN_component_alignment_sweep/figs/bbq__scope-global__ptype-separate__seed42__layer14__eps0.5__ambig__chosen__k1.png,separate
bbq,global,True,42,14,0.5,ambig,separate,chosen,1,top5_by_explained_variance,"0,1,2,3,4",0.04862337209312193,200,0.5506675243377686,0.5473282337188721,0.5056494474411011,0.5978266596794128,results/outputs/global_verify_components/pca/pca_global_train_seed42_layer14_eps0.5_k10_ambig_separate_chosen_n950.pt,results/analysis/global_topN_component_alignment_sweep/figs/bbq__scope-global__ptype-separate__seed42__layer14__eps0.5__ambig__chosen__k1.png,separate
bbq,global,True,42,14,0.5,ambig,separate,rejected,1,top5_by_explained_variance,"0,1,2,3,4",-0.07956462235900419,15,0.12181452661752701,0.127951517701149,0.022131774574518204,0.19427043199539185,results/outputs/global_verify_components/pca/pca_global_train_seed42_layer14_eps0.5_k10_ambig_separate_rejected_n15.pt,results/analysis/global_topN_component_alignment_sweep/figs/bbq__scope-global__ptype-separate__seed42__layer14__eps0.5__ambig__rejected__k1.png,separate
bbq,global,True,42,14,0.5,ambig,separate,rejected,1,top5_by_explained_variance,"0,1,2,3,4",-0.08400187220387374,200,0.09370806068181992,0.07567541301250458,0.03543775901198387,0.14592258632183075,results/outputs/global_verify_components/pca/pca_global_train_seed42_layer14_eps0.5_k10_ambig_separate_rejected_n200.pt,results/analysis/global_topN_component_alignment_sweep/figs/bbq__scope-global__ptype-separate__seed42__layer14__eps0.5__ambig__rejected__k1.png,separate
bbq,global,True,42,14,0.5,ambig,separate,rejected,1,top5_by_explained_variance,"0,1,2,3,4",0.1288815963145043,200,0.12068769335746765,0.11824415624141693,0.053306616842746735,0.17634133994579315,results/outputs/global_verify_components/pca/pca_global_train_seed42_layer14_eps0.5_k10_ambig_separate_rejected_n400.pt,results/analysis/global_topN_component_alignment_sweep/figs/bbq__scope-global__ptype-separate__seed42__layer14__eps0.5__ambig__rejected__k1.png,separate
bbq,global,True,42,14,0.5,ambig,separate,rejected,1,top5_by_explained_variance,"0,1,2,3,4",0.10796100964104498,200,0.2041795402765274,0.20947855710983276,0.14068424701690674,0.2781076729297638,results/outputs/global_verify_components/pca/pca_global_train_seed42_layer14_eps0.5_k10_ambig_separate_rejected_n600.pt,results/analysis/global_topN_component_alignment_sweep/figs/bbq__scope-global__ptype-separate__seed42__layer14__eps0.5__ambig__rejected__k1.png,separate
bbq,global,True,42,14,0.5,ambig,separate,rejected,1,top5_by_explained_variance,"0,1,2,3,4",0.14093647707843027,200,0.09691448509693146,0.08746813237667084,0.04041064530611038,0.14836645126342773,results/outputs/global_verify_components/pca/pca_global_train_seed42_layer14_eps0.5_k10_ambig_separate_rejected_n800.pt,results/analysis/global_topN_component_alignment_sweep/figs/bbq__scope-global__ptype-separate__seed42__layer14__eps0.5__ambig__rejected__k1.png,separate
bbq,global,True,42,14,0.5,ambig,separate,rejected,1,top5_by_explained_variance,"0,1,2,3,4",-0.08301542074901097,200,0.405549019575119,0.41130900382995605,0.3765464425086975,0.43720507621765137,results/outputs/global_verify_components/pca/pca_global_train_seed42_layer14_eps0.5_k10_ambig_separate_rejected_n950.pt,results/analysis/global_topN_component_alignment_sweep/figs/bbq__scope-global__ptype-separate__seed42__layer14__eps0.5__ambig__rejected__k1.png,separate
bbq,global,True,42,14,0.5,ambig,separate,chosen,2,top5_by_explained_variance,"0,1,2,3,4",0.19073938425905262,15,0.12391039729118347,0.12817993760108948,0.08466866612434387,0.15982119739055634,results/outputs/global_verify_components/pca/pca_global_train_seed42_layer14_eps0.5_k10_ambig_separate_chosen_n15.pt,results/analysis/global_topN_component_alignment_sweep/figs/bbq__scope-global__ptype-separate__seed42__layer14__eps0.5__ambig__chosen__k2.png,separate
bbq,global,True,42,14,0.5,ambig,separate,chosen,2,top5_by_explained_variance,"0,1,2,3,4",-0.07777329128251143,200,0.12103267759084702,0.09686227142810822,0.04451810568571091,0.1884402632713318,results/outputs/global_verify_components/pca/pca_global_train_seed42_layer14_eps0.5_k10_ambig_separate_chosen_n200.pt,results/analysis/global_topN_component_alignment_sweep/figs/bbq__scope-global__ptype-separate__seed42__layer14__eps0.5__ambig__chosen__k2.png,separate
bbq,global,True,42,14,0.5,ambig,separate,chosen,2,top5_by_explained_variance,"0,1,2,3,4",0.3669012718046099,200,0.08503688871860504,0.0712602287530899,0.035578787326812744,0.1219373345375061,results/outputs/global_verify_components/pca/pca_global_train_seed42_layer14_eps0.5_k10_ambig_separate_chosen_n400.pt,results/analysis/global_topN_component_alignment_sweep/figs/bbq__scope-global__ptype-separate__seed42__layer14__eps0.5__ambig__chosen__k2.png,separate
bbq,global,True,42,14,0.5,ambig,separate,chosen,2,top5_by_explained_variance,"0,1,2,3,4",0.4325274611765144,200,0.0857541561126709,0.0798882395029068,0.03661872819066048,0.11803232133388519,results/outputs/global_verify_components/pca/pca_global_train_seed42_layer14_eps0.5_k10_ambig_separate_chosen_n600.pt,results/analysis/global_topN_component_alignment_sweep/figs/bbq__scope-global__ptype-separate__seed42__layer14__eps0.5__ambig__chosen__k2.png,separate
bbq,global,True,42,14,0.5,ambig,separate,chosen,2,top5_by_explained_variance,"0,1,2,3,4",-0.41867406321328116,200,0.08414915949106216,0.07254866510629654,0.0385839119553566,0.12224048376083374,results/outputs/global_verify_components/pca/pca_global_train_seed42_layer14_eps0.5_k10_ambig_separate_chosen_n800.pt,results/analysis/global_topN_component_alignment_sweep/figs/bbq__scope-global__ptype-separate__seed42__layer14__eps0.5__ambig__chosen__k2.png,separate
bbq,global,True,42,14,0.5,ambig,separate,chosen,2,top5_by_explained_variance,"0,1,2,3,4",-0.10911167115675727,200,0.17222560942173004,0.18312299251556396,0.1228032037615776,0.2281888723373413,results/outputs/global_verify_components/pca/pca_global_train_seed42_layer14_eps0.5_k10_ambig_separate_chosen_n950.pt,results/analysis/global_topN_component_alignment_sweep/figs/bbq__scope-global__ptype-separate__seed42__layer14__eps0.5__ambig__chosen__k2.png,separate
bbq,global,True,42,14,0.5,ambig,separate,rejected,2,top5_by_explained_variance,"0,1,2,3,4",-0.2978868113680897,15,0.1135469600558281,0.12167961895465851,0.04591577127575874,0.16432031989097595,results/outputs/global_verify_components/pca/pca_global_train_seed42_layer14_eps0.5_k10_ambig_separate_rejected_n15.pt,results/analysis/global_topN_component_alignment_sweep/figs/bbq__scope-global__ptype-separate__seed42__layer14__eps0.5__ambig__rejected__k2.png,separate
bbq,global,True,42,14,0.5,ambig,separate,rejected,2,top5_by_explained_variance,"0,1,2,3,4",-0.22229567616743898,200,0.09142253547906876,0.07135552912950516,0.04237738996744156,0.12599915266036987,results/outputs/global_verify_components/pca/pca_global_train_seed42_layer14_eps0.5_k10_ambig_separate_rejected_n200.pt,results/analysis/global_topN_component_alignment_sweep/figs/bbq__scope-global__ptype-separate__seed42__layer14__eps0.5__ambig__rejected__k2.png,separate
bbq,global,True,42,14,0.5,ambig,separate,rejected,2,top5_by_explained_variance,"0,1,2,3,4",0.23493630537628912,200,0.10922446846961975,0.10049495100975037,0.04839807376265526,0.16722241044044495,results/outputs/global_verify_components/pca/pca_global_train_seed42_layer14_eps0.5_k10_ambig_separate_rejected_n400.pt,results/analysis/global_topN_component_alignment_sweep/figs/bbq__scope-global__ptype-separate__seed42__layer14__eps0.5__ambig__rejected__k2.png,separate
bbq,global,True,42,14,0.5,ambig,separate,rejected,2,top5_by_explained_variance,"0,1,2,3,4",-0.16102738272940118,200,0.06305419653654099,0.060938529670238495,0.029482286423444748,0.09031657129526138,results/outputs/global_verify_components/pca/pca_global_train_seed42_layer14_eps0.5_k10_ambig_separate_rejected_n600.pt,results/analysis/global_topN_component_alignment_sweep/figs/bbq__scope-global__ptype-separate__seed42__layer14__eps0.5__ambig__rejected__k2.png,separate
bbq,global,True,42,14,0.5,ambig,separate,rejected,2,top5_by_explained_variance,"0,1,2,3,4",-0.2730009676811395,200,0.32378828525543213,0.32767587900161743,0.28611019253730774,0.36983004212379456,results/outputs/global_verify_components/pca/pca_global_train_seed42_layer14_eps0.5_k10_ambig_separate_rejected_n800.pt,results/analysis/global_topN_component_alignment_sweep/figs/bbq__scope-global__ptype-separate__seed42__layer14__eps0.5__ambig__rejected__k2.png,separate
bbq,global,True,42,14,0.5,ambig,separate,rejected,2,top5_by_explained_variance,"0,1,2,3,4",-0.014288078658089965,200,0.2618612051010132,0.26912721991539,0.21604463458061218,0.3110524117946625,results/outputs/global_verify_components/pca/pca_global_train_seed42_layer14_eps0.5_k10_ambig_separate_rejected_n950.pt,results/analysis/global_topN_component_alignment_sweep/figs/bbq__scope-global__ptype-separate__seed42__layer14__eps0.5__ambig__rejected__k2.png,separate
bbq,global,True,42,14,0.5,ambig,separate,chosen,3,top5_by_explained_variance,"0,1,2,3,4",0.46084624794132467,15,0.09938537329435349,0.11418788135051727,0.04724045842885971,0.1422850638628006,results/outputs/global_verify_components/pca/pca_global_train_seed42_layer14_eps0.5_k10_ambig_separate_chosen_n15.pt,results/analysis/global_topN_component_alignment_sweep/figs/bbq__scope-global__ptype-separate__seed42__layer14__eps0.5__ambig__chosen__k3.png,separate
bbq,global,True,42,14,0.5,ambig,separate,chosen,3,top5_by_explained_variance,"0,1,2,3,4",0.27581673216732044,200,0.1076224148273468,0.10074932873249054,0.04798796400427818,0.15171405673027039,results/outputs/global_verify_components/pca/pca_global_train_seed42_layer14_eps0.5_k10_ambig_separate_chosen_n200.pt,results/analysis/global_topN_component_alignment_sweep/figs/bbq__scope-global__ptype-separate__seed42__layer14__eps0.5__ambig__chosen__k3.png,separate
bbq,global,True,42,14,0.5,ambig,separate,chosen,3,top5_by_explained_variance,"0,1,2,3,4",-0.33255514230885513,200,0.11039917916059494,0.09372730553150177,0.0376298651099205,0.17126068472862244,results/outputs/global_verify_components/pca/pca_global_train_seed42_layer14_eps0.5_k10_ambig_separate_chosen_n400.pt,results/analysis/global_topN_component_alignment_sweep/figs/bbq__scope-global__ptype-separate__seed42__layer14__eps0.5__ambig__chosen__k3.png,separate
bbq,global,True,42,14,0.5,ambig,separate,chosen,3,top5_by_explained_variance,"0,1,2,3,4",-0.06937137443231332,200,0.24299289286136627,0.25106877088546753,0.1876114457845688,0.3060455620288849,results/outputs/global_verify_components/pca/pca_global_train_seed42_layer14_eps0.5_k10_ambig_separate_chosen_n600.pt,results/analysis/global_topN_component_alignment_sweep/figs/bbq__scope-global__ptype-separate__seed42__layer14__eps0.5__ambig__chosen__k3.png,separate
bbq,global,True,42,14,0.5,ambig,separate,chosen,3,top5_by_explained_variance,"0,1,2,3,4",-0.06288855250639605,200,0.14309898018836975,0.14201143383979797,0.09797798842191696,0.1877022534608841,results/outputs/global_verify_components/pca/pca_global_train_seed42_layer14_eps0.5_k10_ambig_separate_chosen_n800.pt,results/analysis/global_topN_component_alignment_sweep/figs/bbq__scope-global__ptype-separate__seed42__layer14__eps0.5__ambig__chosen__k3.png,separate
bbq,global,True,42,14,0.5,ambig,separate,chosen,3,top5_by_explained_variance,"0,1,2,3,4",0.3535307626898955,200,0.09919289499521255,0.08304040133953094,0.045075319707393646,0.14883282780647278,results/outputs/global_verify_components/pca/pca_global_train_seed42_layer14_eps0.5_k10_ambig_separate_chosen_n950.pt,results/analysis/global_topN_component_alignment_sweep/figs/bbq__scope-global__ptype-separate__seed42__layer14__eps0.5__ambig__chosen__k3.png,separate
bbq,global,True,42,14,0.5,ambig,separate,rejected,3,top5_by_explained_variance,"0,1,2,3,4",-0.11707676489535301,15,0.09596632421016693,0.07435493171215057,0.04694007337093353,0.12432575225830078,results/outputs/global_verify_components/pca/pca_global_train_seed42_layer14_eps0.5_k10_ambig_separate_rejected_n15.pt,results/analysis/global_topN_component_alignment_sweep/figs/bbq__scope-global__ptype-separate__seed42__layer14__eps0.5__ambig__rejected__k3.png,separate
bbq,global,True,42,14,0.5,ambig,separate,rejected,3,top5_by_explained_variance,"0,1,2,3,4",0.05653733523634553,200,0.08526090532541275,0.0808086097240448,0.027385205030441284,0.12987832725048065,results/outputs/global_verify_components/pca/pca_global_train_seed42_layer14_eps0.5_k10_ambig_separate_rejected_n200.pt,results/analysis/global_topN_component_alignment_sweep/figs/bbq__scope-global__ptype-separate__seed42__layer14__eps0.5__ambig__rejected__k3.png,separate
bbq,global,True,42,14,0.5,ambig,separate,rejected,3,top5_by_explained_variance,"0,1,2,3,4",-0.45405667643816155,200,0.08676999807357788,0.07957515120506287,0.03338773548603058,0.11732735484838486,results/outputs/global_verify_components/pca/pca_global_train_seed42_layer14_eps0.5_k10_ambig_separate_rejected_n400.pt,results/analysis/global_topN_component_alignment_sweep/figs/bbq__scope-global__ptype-separate__seed42__layer14__eps0.5__ambig__rejected__k3.png,separate
bbq,global,True,42,14,0.5,ambig,separate,rejected,3,top5_by_explained_variance,"0,1,2,3,4",0.12543836889028837,200,0.27186256647109985,0.27756267786026,0.23126153647899628,0.3135961890220642,results/outputs/global_verify_components/pca/pca_global_train_seed42_layer14_eps0.5_k10_ambig_separate_rejected_n600.pt,results/analysis/global_topN_component_alignment_sweep/figs/bbq__scope-global__ptype-separate__seed42__layer14__eps0.5__ambig__rejected__k3.png,separate
bbq,global,True,42,14,0.5,ambig,separate,rejected,3,top5_by_explained_variance,"0,1,2,3,4",0.012569280889480956,200,0.19333496689796448,0.1913556158542633,0.15527772903442383,0.23085620999336243,results/outputs/global_verify_components/pca/pca_global_train_seed42_layer14_eps0.5_k10_ambig_separate_rejected_n800.pt,results/analysis/global_topN_component_alignment_sweep/figs/bbq__scope-global__ptype-separate__seed42__layer14__eps0.5__ambig__rejected__k3.png,separate
bbq,global,True,42,14,0.5,ambig,separate,rejected,3,top5_by_explained_variance,"0,1,2,3,4",-0.28331087857732684,200,0.2062160074710846,0.2138523906469345,0.16830256581306458,0.25854432582855225,results/outputs/global_verify_components/pca/pca_global_train_seed42_layer14_eps0.5_k10_ambig_separate_rejected_n950.pt,results/analysis/global_topN_component_alignment_sweep/figs/bbq__scope-global__ptype-separate__seed42__layer14__eps0.5__ambig__rejected__k3.png,separate
bbq,global,True,42,14,0.5,ambig,separate,chosen,4,top5_by_explained_variance,"0,1,2,3,4",-0.09133014314584435,15,0.08194832503795624,0.07666932046413422,0.04282838851213455,0.08895080536603928,results/outputs/global_verify_components/pca/pca_global_train_seed42_layer14_eps0.5_k10_ambig_separate_chosen_n15.pt,results/analysis/global_topN_component_alignment_sweep/figs/bbq__scope-global__ptype-separate__seed42__layer14__eps0.5__ambig__chosen__k4.png,separate
bbq,global,True,42,14,0.5,ambig,separate,chosen,4,top5_by_explained_variance,"0,1,2,3,4",-0.02582916938940618,200,0.07727614045143127,0.06435631960630417,0.028113259002566338,0.1066947728395462,results/outputs/global_verify_components/pca/pca_global_train_seed42_layer14_eps0.5_k10_ambig_separate_chosen_n200.pt,results/analysis/global_topN_component_alignment_sweep/figs/bbq__scope-global__ptype-separate__seed42__layer14__eps0.5__ambig__chosen__k4.png,separate
bbq,global,True,42,14,0.5,ambig,separate,chosen,4,top5_by_explained_variance,"0,1,2,3,4",-0.296772652043413,200,0.09157043695449829,0.07709379494190216,0.0338844396173954,0.13280028104782104,results/outputs/global_verify_components/pca/pca_global_train_seed42_layer14_eps0.5_k10_ambig_separate_chosen_n400.pt,results/analysis/global_topN_component_alignment_sweep/figs/bbq__scope-global__ptype-separate__seed42__layer14__eps0.5__ambig__chosen__k4.png,separate
bbq,global,True,42,14,0.5,ambig,separate,chosen,4,top5_by_explained_variance,"0,1,2,3,4",0.3286700413623712,200,0.11360692977905273,0.1101483404636383,0.06939508020877838,0.15277862548828125,results/outputs/global_verify_components/pca/pca_global_train_seed42_layer14_eps0.5_k10_ambig_separate_chosen_n600.pt,results/analysis/global_topN_component_alignment_sweep/figs/bbq__scope-global__ptype-separate__seed42__layer14__eps0.5__ambig__chosen__k4.png,separate
bbq,global,True,42,14,0.5,ambig,separate,chosen,4,top5_by_explained_variance,"0,1,2,3,4",-0.03950427160600658,200,0.26566562056541443,0.30805787444114685,0.15143220126628876,0.34920740127563477,results/outputs/global_verify_components/pca/pca_global_train_seed42_layer14_eps0.5_k10_ambig_separate_chosen_n800.pt,results/analysis/global_topN_component_alignment_sweep/figs/bbq__scope-global__ptype-separate__seed42__layer14__eps0.5__ambig__chosen__k4.png,separate
bbq,global,True,42,14,0.5,ambig,separate,chosen,4,top5_by_explained_variance,"0,1,2,3,4",0.3035906810516282,200,0.09814565628767014,0.09315712749958038,0.041823610663414,0.14394702017307281,results/outputs/global_verify_components/pca/pca_global_train_seed42_layer14_eps0.5_k10_ambig_separate_chosen_n950.pt,results/analysis/global_topN_component_alignment_sweep/figs/bbq__scope-global__ptype-separate__seed42__layer14__eps0.5__ambig__chosen__k4.png,separate
bbq,global,True,42,14,0.5,ambig,separate,rejected,4,top5_by_explained_variance,"0,1,2,3,4",0.355664749532322,15,0.09782101213932037,0.08398042619228363,0.05908835679292679,0.15352126955986023,results/outputs/global_verify_components/pca/pca_global_train_seed42_layer14_eps0.5_k10_ambig_separate_rejected_n15.pt,results/analysis/global_topN_component_alignment_sweep/figs/bbq__scope-global__ptype-separate__seed42__layer14__eps0.5__ambig__rejected__k4.png,separate
bbq,global,True,42,14,0.5,ambig,separate,rejected,4,top5_by_explained_variance,"0,1,2,3,4",-0.04760070120435412,200,0.08825544267892838,0.0773126557469368,0.037598125636577606,0.13182006776332855,results/outputs/global_verify_components/pca/pca_global_train_seed42_layer14_eps0.5_k10_ambig_separate_rejected_n200.pt,results/analysis/global_topN_component_alignment_sweep/figs/bbq__scope-global__ptype-separate__seed42__layer14__eps0.5__ambig__rejected__k4.png,separate
bbq,global,True,42,14,0.5,ambig,separate,rejected,4,top5_by_explained_variance,"0,1,2,3,4",-0.02977774112615822,200,0.2143445461988449,0.21281498670578003,0.15253113210201263,0.27056995034217834,results/outputs/global_verify_components/pca/pca_global_train_seed42_layer14_eps0.5_k10_ambig_separate_rejected_n400.pt,results/analysis/global_topN_component_alignment_sweep/figs/bbq__scope-global__ptype-separate__seed42__layer14__eps0.5__ambig__rejected__k4.png,separate
bbq,global,True,42,14,0.5,ambig,separate,rejected,4,top5_by_explained_variance,"0,1,2,3,4",-0.3669171115580213,200,0.12587137520313263,0.11530089378356934,0.05587555468082428,0.1878821849822998,results/outputs/global_verify_components/pca/pca_global_train_seed42_layer14_eps0.5_k10_ambig_separate_rejected_n600.pt,results/analysis/global_topN_component_alignment_sweep/figs/bbq__scope-global__ptype-separate__seed42__layer14__eps0.5__ambig__rejected__k4.png,separate
bbq,global,True,42,14,0.5,ambig,separate,rejected,4,top5_by_explained_variance,"0,1,2,3,4",0.3706199613676661,200,0.06127243861556053,0.05054039508104324,0.026041870936751366,0.08400106430053711,results/outputs/global_verify_components/pca/pca_global_train_seed42_layer14_eps0.5_k10_ambig_separate_rejected_n800.pt,results/analysis/global_topN_component_alignment_sweep/figs/bbq__scope-global__ptype-separate__seed42__layer14__eps0.5__ambig__rejected__k4.png,separate
bbq,global,True,42,14,0.5,ambig,separate,rejected,4,top5_by_explained_variance,"0,1,2,3,4",0.1372891747568322,200,0.153548464179039,0.1516999900341034,0.1274716556072235,0.18272316455841064,results/outputs/global_verify_components/pca/pca_global_train_seed42_layer14_eps0.5_k10_ambig_separate_rejected_n950.pt,results/analysis/global_topN_component_alignment_sweep/figs/bbq__scope-global__ptype-separate__seed42__layer14__eps0.5__ambig__rejected__k4.png,separate
bbq,global,True,42,14,0.5,ambig,shared_flip,chosen,0,top5_by_explained_variance,"0,1,2,3,4",-0.06641541684186449,15,0.18986903131008148,0.1691385805606842,0.12365245819091797,0.2611277103424072,results/outputs/global_verify_components/pca/pca_global_train_seed42_layer14_eps0.5_k10_ambig_shared_flip_chosen_n15.pt,results/analysis/global_topN_component_alignment_sweep/figs/bbq__scope-global__ptype-shared_flip__seed42__layer14__eps0.5__ambig__chosen__k0.png,shared_flip
bbq,global,True,42,14,0.5,ambig,shared_flip,chosen,0,top5_by_explained_variance,"0,1,2,3,4",0.01600070564697924,200,0.1807698756456375,0.17846691608428955,0.09695728123188019,0.2531636953353882,results/outputs/global_verify_components/pca/pca_global_train_seed42_layer14_eps0.5_k10_ambig_shared_flip_chosen_n200.pt,results/analysis/global_topN_component_alignment_sweep/figs/bbq__scope-global__ptype-shared_flip__seed42__layer14__eps0.5__ambig__chosen__k0.png,shared_flip
bbq,global,True,42,14,0.5,ambig,shared_flip,chosen,0,top5_by_explained_variance,"0,1,2,3,4",0.12426335809037985,200,0.2872179448604584,0.2809712886810303,0.22123071551322937,0.34733137488365173,results/outputs/global_verify_components/pca/pca_global_train_seed42_layer14_eps0.5_k10_ambig_shared_flip_chosen_n400.pt,results/analysis/global_topN_component_alignment_sweep/figs/bbq__scope-global__ptype-shared_flip__seed42__layer14__eps0.5__ambig__chosen__k0.png,shared_flip
bbq,global,True,42,14,0.5,ambig,shared_flip,chosen,0,top5_by_explained_variance,"0,1,2,3,4",0.11136830127548351,200,0.3236348032951355,0.319458544254303,0.25840914249420166,0.3822311758995056,results/outputs/global_verify_components/pca/pca_global_train_seed42_layer14_eps0.5_k10_ambig_shared_flip_chosen_n600.pt,results/analysis/global_topN_component_alignment_sweep/figs/bbq__scope-global__ptype-shared_flip__seed42__layer14__eps0.5__ambig__chosen__k0.png,shared_flip
bbq,global,True,42,14,0.5,ambig,shared_flip,chosen,0,top5_by_explained_variance,"0,1,2,3,4",0.090794940552471,200,0.30918145179748535,0.3043646216392517,0.24509763717651367,0.3616895079612732,results/outputs/global_verify_components/pca/pca_global_train_seed42_layer14_eps0.5_k10_ambig_shared_flip_chosen_n800.pt,results/analysis/global_topN_component_alignment_sweep/figs/bbq__scope-global__ptype-shared_flip__seed42__layer14__eps0.5__ambig__chosen__k0.png,shared_flip
bbq,global,True,42,14,0.5,ambig,shared_flip,chosen,0,top5_by_explained_variance,"0,1,2,3,4",0.07448120813603702,200,0.09311996400356293,0.0691719502210617,0.03168932721018791,0.13397963345050812,results/outputs/global_verify_components/pca/pca_global_train_seed42_layer14_eps0.5_k10_ambig_shared_flip_chosen_n950.pt,results/analysis/global_topN_component_alignment_sweep/figs/bbq__scope-global__ptype-shared_flip__seed42__layer14__eps0.5__ambig__chosen__k0.png,shared_flip
bbq,global,True,42,14,0.5,ambig,shared_flip,rejected,0,top5_by_explained_variance,"0,1,2,3,4",0.061378319291787616,15,0.19214418530464172,0.2112632542848587,0.13738471269607544,0.2705179452896118,results/outputs/global_verify_components/pca/pca_global_train_seed42_layer14_eps0.5_k10_ambig_shared_flip_rejected_n15.pt,results/analysis/global_topN_component_alignment_sweep/figs/bbq__scope-global__ptype-shared_flip__seed42__layer14__eps0.5__ambig__rejected__k0.png,shared_flip
bbq,global,True,42,14,0.5,ambig,shared_flip,rejected,0,top5_by_explained_variance,"0,1,2,3,4",-0.3045295591086851,200,0.15035544335842133,0.1455482691526413,0.08537761867046356,0.214299738407135,results/outputs/global_verify_components/pca/pca_global_train_seed42_layer14_eps0.5_k10_ambig_shared_flip_rejected_n200.pt,results/analysis/global_topN_component_alignment_sweep/figs/bbq__scope-global__ptype-shared_flip__seed42__layer14__eps0.5__ambig__rejected__k0.png,shared_flip
bbq,global,True,42,14,0.5,ambig,shared_flip,rejected,0,top5_by_explained_variance,"0,1,2,3,4",0.17835615469420385,200,0.2832426130771637,0.29103001952171326,0.24673280119895935,0.3209279179573059,results/outputs/global_verify_components/pca/pca_global_train_seed42_layer14_eps0.5_k10_ambig_shared_flip_rejected_n400.pt,results/analysis/global_topN_component_alignment_sweep/figs/bbq__scope-global__ptype-shared_flip__seed42__layer14__eps0.5__ambig__rejected__k0.png,shared_flip
bbq,global,True,42,14,0.5,ambig,shared_flip,rejected,0,top5_by_explained_variance,"0,1,2,3,4",0.084569152354708,200,0.355794221162796,0.35978397727012634,0.32793229818344116,0.3868251442909241,results/outputs/global_verify_components/pca/pca_global_train_seed42_layer14_eps0.5_k10_ambig_shared_flip_rejected_n600.pt,results/analysis/global_topN_component_alignment_sweep/figs/bbq__scope-global__ptype-shared_flip__seed42__layer14__eps0.5__ambig__rejected__k0.png,shared_flip
bbq,global,True,42,14,0.5,ambig,shared_flip,rejected,0,top5_by_explained_variance,"0,1,2,3,4",-0.038199093650397885,200,0.31089621782302856,0.31381213665008545,0.2890271246433258,0.34023356437683105,results/outputs/global_verify_components/pca/pca_global_train_seed42_layer14_eps0.5_k10_ambig_shared_flip_rejected_n800.pt,results/analysis/global_topN_component_alignment_sweep/figs/bbq__scope-global__ptype-shared_flip__seed42__layer14__eps0.5__ambig__rejected__k0.png,shared_flip
bbq,global,True,42,14,0.5,ambig,shared_flip,rejected,0,top5_by_explained_variance,"0,1,2,3,4",0.26107983683356717,200,0.20369617640972137,0.22028130292892456,0.1450253129005432,0.2734230160713196,results/outputs/global_verify_components/pca/pca_global_train_seed42_layer14_eps0.5_k10_ambig_shared_flip_rejected_n950.pt,results/analysis/global_topN_component_alignment_sweep/figs/bbq__scope-global__ptype-shared_flip__seed42__layer14__eps0.5__ambig__rejected__k0.png,shared_flip
bbq,global,True,42,14,0.5,ambig,shared_flip,chosen,1,top5_by_explained_variance,"0,1,2,3,4",-0.4448793675060816,15,0.18383081257343292,0.17556147277355194,0.13929855823516846,0.2198818027973175,results/outputs/global_verify_components/pca/pca_global_train_seed42_layer14_eps0.5_k10_ambig_shared_flip_chosen_n15.pt,results/analysis/global_topN_component_alignment_sweep/figs/bbq__scope-global__ptype-shared_flip__seed42__layer14__eps0.5__ambig__chosen__k1.png,shared_flip
bbq,global,True,42,14,0.5,ambig,shared_flip,chosen,1,top5_by_explained_variance,"0,1,2,3,4",0.4373773717389502,200,0.13315996527671814,0.11362157762050629,0.06425966322422028,0.18839648365974426,results/outputs/global_verify_components/pca/pca_global_train_seed42_layer14_eps0.5_k10_ambig_shared_flip_chosen_n200.pt,results/analysis/global_topN_component_alignment_sweep/figs/bbq__scope-global__ptype-shared_flip__seed42__layer14__eps0.5__ambig__chosen__k1.png,shared_flip
bbq,global,True,42,14,0.5,ambig,shared_flip,chosen,1,top5_by_explained_variance,"0,1,2,3,4",-0.24670116753338395,200,0.16392147541046143,0.16681014001369476,0.06973090767860413,0.24570104479789734,results/outputs/global_verify_components/pca/pca_global_train_seed42_layer14_eps0.5_k10_ambig_shared_flip_chosen_n400.pt,results/analysis/global_topN_component_alignment_sweep/figs/bbq__scope-global__ptype-shared_flip__seed42__layer14__eps0.5__ambig__chosen__k1.png,shared_flip
bbq,global,True,42,14,0.5,ambig,shared_flip,chosen,1,top5_by_explained_variance,"0,1,2,3,4",-0.18535309467337663,200,0.13878513872623444,0.12663009762763977,0.05780789628624916,0.21090248227119446,results/outputs/global_verify_components/pca/pca_global_train_seed42_layer14_eps0.5_k10_ambig_shared_flip_chosen_n600.pt,results/analysis/global_topN_component_alignment_sweep/figs/bbq__scope-global__ptype-shared_flip__seed42__layer14__eps0.5__ambig__chosen__k1.png,shared_flip
bbq,global,True,42,14,0.5,ambig,shared_flip,chosen,1,top5_by_explained_variance,"0,1,2,3,4",-0.16481214481906217,200,0.1047658920288086,0.09578756242990494,0.04867623746395111,0.15991933643817902,results/outputs/global_verify_components/pca/pca_global_train_seed42_layer14_eps0.5_k10_ambig_shared_flip_chosen_n800.pt,results/analysis/global_topN_component_alignment_sweep/figs/bbq__scope-global__ptype-shared_flip__seed42__layer14__eps0.5__ambig__chosen__k1.png,shared_flip
bbq,global,True,42,14,0.5,ambig,shared_flip,chosen,1,top5_by_explained_variance,"0,1,2,3,4",0.07155254924614406,200,0.45754680037498474,0.4587388038635254,0.413841187953949,0.5066757798194885,results/outputs/global_verify_components/pca/pca_global_train_seed42_layer14_eps0.5_k10_ambig_shared_flip_chosen_n950.pt,results/analysis/global_topN_component_alignment_sweep/figs/bbq__scope-global__ptype-shared_flip__seed42__layer14__eps0.5__ambig__chosen__k1.png,shared_flip
bbq,global,True,42,14,0.5,ambig,shared_flip,rejected,1,top5_by_explained_variance,"0,1,2,3,4",0.14683802264244913,15,0.10985223203897476,0.054255805909633636,0.03367387503385544,0.16278629004955292,results/outputs/global_verify_components/pca/pca_global_train_seed42_layer14_eps0.5_k10_ambig_shared_flip_rejected_n15.pt,results/analysis/global_topN_component_alignment_sweep/figs/bbq__scope-global__ptype-shared_flip__seed42__layer14__eps0.5__ambig__rejected__k1.png,shared_flip
bbq,global,True,42,14,0.5,ambig,shared_flip,rejected,1,top5_by_explained_variance,"0,1,2,3,4",-0.1647725119915715,200,0.09908361732959747,0.0824478417634964,0.03867431357502937,0.13839788734912872,results/outputs/global_verify_components/pca/pca_global_train_seed42_layer14_eps0.5_k10_ambig_shared_flip_rejected_n200.pt,results/analysis/global_topN_component_alignment_sweep/figs/bbq__scope-global__ptype-shared_flip__seed42__layer14__eps0.5__ambig__rejected__k1.png,shared_flip
bbq,global,True,42,14,0.5,ambig,shared_flip,rejected,1,top5_by_explained_variance,"0,1,2,3,4",0.2124121826786415,200,0.11209317296743393,0.09523912519216537,0.04226548597216606,0.17524749040603638,results/outputs/global_verify_components/pca/pca_global_train_seed42_layer14_eps0.5_k10_ambig_shared_flip_rejected_n400.pt,results/analysis/global_topN_component_alignment_sweep/figs/bbq__scope-global__ptype-shared_flip__seed42__layer14__eps0.5__ambig__rejected__k1.png,shared_flip
bbq,global,True,42,14,0.5,ambig,shared_flip,rejected,1,top5_by_explained_variance,"0,1,2,3,4",0.2322222924422131,200,0.1772739589214325,0.17359428107738495,0.10878212004899979,0.24407511949539185,results/outputs/global_verify_components/pca/pca_global_train_seed42_layer14_eps0.5_k10_ambig_shared_flip_rejected_n600.pt,results/analysis/global_topN_component_alignment_sweep/figs/bbq__scope-global__ptype-shared_flip__seed42__layer14__eps0.5__ambig__rejected__k1.png,shared_flip
bbq,global,True,42,14,0.5,ambig,shared_flip,rejected,1,top5_by_explained_variance,"0,1,2,3,4",0.24573273867296427,200,0.10409317910671234,0.09394559264183044,0.04726960510015488,0.15088608860969543,results/outputs/global_verify_components/pca/pca_global_train_seed42_layer14_eps0.5_k10_ambig_shared_flip_rejected_n800.pt,results/analysis/global_topN_component_alignment_sweep/figs/bbq__scope-global__ptype-shared_flip__seed42__layer14__eps0.5__ambig__rejected__k1.png,shared_flip
bbq,global,True,42,14,0.5,ambig,shared_flip,rejected,1,top5_by_explained_variance,"0,1,2,3,4",-0.20592282332386463,200,0.3934251070022583,0.39856913685798645,0.3510971665382385,0.44241827726364136,results/outputs/global_verify_components/pca/pca_global_train_seed42_layer14_eps0.5_k10_ambig_shared_flip_rejected_n950.pt,results/analysis/global_topN_component_alignment_sweep/figs/bbq__scope-global__ptype-shared_flip__seed42__layer14__eps0.5__ambig__rejected__k1.png,shared_flip
bbq,global,True,42,14,0.5,ambig,shared_flip,chosen,2,top5_by_explained_variance,"0,1,2,3,4",0.4072665429795287,15,0.11550528556108475,0.08234506845474243,0.029406284913420677,0.16223002970218658,results/outputs/global_verify_components/pca/pca_global_train_seed42_layer14_eps0.5_k10_ambig_shared_flip_chosen_n15.pt,results/analysis/global_topN_component_alignment_sweep/figs/bbq__scope-global__ptype-shared_flip__seed42__layer14__eps0.5__ambig__chosen__k2.png,shared_flip
bbq,global,True,42,14,0.5,ambig,shared_flip,chosen,2,top5_by_explained_variance,"0,1,2,3,4",-0.03904506835885355,200,0.1102525144815445,0.09705023467540741,0.04016733169555664,0.16865481436252594,results/outputs/global_verify_components/pca/pca_global_train_seed42_layer14_eps0.5_k10_ambig_shared_flip_chosen_n200.pt,results/analysis/global_topN_component_alignment_sweep/figs/bbq__scope-global__ptype-shared_flip__seed42__layer14__eps0.5__ambig__chosen__k2.png,shared_flip
bbq,global,True,42,14,0.5,ambig,shared_flip,chosen,2,top5_by_explained_variance,"0,1,2,3,4",0.27567048500965646,200,0.11842871457338333,0.09489227831363678,0.043309103697538376,0.19519123435020447,results/outputs/global_verify_components/pca/pca_global_train_seed42_layer14_eps0.5_k10_ambig_shared_flip_chosen_n400.pt,results/analysis/global_topN_component_alignment_sweep/figs/bbq__scope-global__ptype-shared_flip__seed42__layer14__eps0.5__ambig__chosen__k2.png,shared_flip
bbq,global,True,42,14,0.5,ambig,shared_flip,chosen,2,top5_by_explained_variance,"0,1,2,3,4",-0.5371715145681378,200,0.07749991118907928,0.06747962534427643,0.03171909600496292,0.11519346386194229,results/outputs/global_verify_components/pca/pca_global_train_seed42_layer14_eps0.5_k10_ambig_shared_flip_chosen_n600.pt,results/analysis/global_topN_component_alignment_sweep/figs/bbq__scope-global__ptype-shared_flip__seed42__layer14__eps0.5__ambig__chosen__k2.png,shared_flip
bbq,global,True,42,14,0.5,ambig,shared_flip,chosen,2,top5_by_explained_variance,"0,1,2,3,4",0.5014916490728623,200,0.11712236702442169,0.113610178232193,0.05878959968686104,0.16594940423965454,results/outputs/global_verify_components/pca/pca_global_train_seed42_layer14_eps0.5_k10_ambig_shared_flip_chosen_n800.pt,results/analysis/global_topN_component_alignment_sweep/figs/bbq__scope-global__ptype-shared_flip__seed42__layer14__eps0.5__ambig__chosen__k2.png,shared_flip
bbq,global,True,42,14,0.5,ambig,shared_flip,chosen,2,top5_by_explained_variance,"0,1,2,3,4",-0.24013324407609862,200,0.2058224081993103,0.22028100490570068,0.12771697342395782,0.2918204069137573,results/outputs/global_verify_components/pca/pca_global_train_seed42_layer14_eps0.5_k10_ambig_shared_flip_chosen_n950.pt,results/analysis/global_topN_component_alignment_sweep/figs/bbq__scope-global__ptype-shared_flip__seed42__layer14__eps0.5__ambig__chosen__k2.png,shared_flip
bbq,global,True,42,14,0.5,ambig,shared_flip,rejected,2,top5_by_explained_variance,"0,1,2,3,4",-0.1130374025297805,15,0.10400291532278061,0.0732077956199646,0.04263361170887947,0.15805920958518982,results/outputs/global_verify_components/pca/pca_global_train_seed42_layer14_eps0.5_k10_ambig_shared_flip_rejected_n15.pt,results/analysis/global_topN_component_alignment_sweep/figs/bbq__scope-global__ptype-shared_flip__seed42__layer14__eps0.5__ambig__rejected__k2.png,shared_flip
bbq,global,True,42,14,0.5,ambig,shared_flip,rejected,2,top5_by_explained_variance,"0,1,2,3,4",-0.001520013369789591,200,0.13887174427509308,0.13142427802085876,0.10454082489013672,0.16511566936969757,results/outputs/global_verify_components/pca/pca_global_train_seed42_layer14_eps0.5_k10_ambig_shared_flip_rejected_n200.pt,results/analysis/global_topN_component_alignment_sweep/figs/bbq__scope-global__ptype-shared_flip__seed42__layer14__eps0.5__ambig__rejected__k2.png,shared_flip
bbq,global,True,42,14,0.5,ambig,shared_flip,rejected,2,top5_by_explained_variance,"0,1,2,3,4",0.2098596823078483,200,0.12092467397451401,0.12157037854194641,0.06620630621910095,0.16929186880588531,results/outputs/global_verify_components/pca/pca_global_train_seed42_layer14_eps0.5_k10_ambig_shared_flip_rejected_n400.pt,results/analysis/global_topN_component_alignment_sweep/figs/bbq__scope-global__ptype-shared_flip__seed42__layer14__eps0.5__ambig__rejected__k2.png,shared_flip
bbq,global,True,42,14,0.5,ambig,shared_flip,rejected,2,top5_by_explained_variance,"0,1,2,3,4",0.058349577202891606,200,0.08794620633125305,0.0795818492770195,0.04253632575273514,0.125644713640213,results/outputs/global_verify_components/pca/pca_global_train_seed42_layer14_eps0.5_k10_ambig_shared_flip_rejected_n600.pt,results/analysis/global_topN_component_alignment_sweep/figs/bbq__scope-global__ptype-shared_flip__seed42__layer14__eps0.5__ambig__rejected__k2.png,shared_flip
bbq,global,True,42,14,0.5,ambig,shared_flip,rejected,2,top5_by_explained_variance,"0,1,2,3,4",-0.037729761318029555,200,0.20995326340198517,0.21052616834640503,0.15229898691177368,0.2721104323863983,results/outputs/global_verify_components/pca/pca_global_train_seed42_layer14_eps0.5_k10_ambig_shared_flip_rejected_n800.pt,results/analysis/global_topN_component_alignment_sweep/figs/bbq__scope-global__ptype-shared_flip__seed42__layer14__eps0.5__ambig__rejected__k2.png,shared_flip
bbq,global,True,42,14,0.5,ambig,shared_flip,rejected,2,top5_by_explained_variance,"0,1,2,3,4",-0.2024161341310701,200,0.3653540313243866,0.37214362621307373,0.31904932856559753,0.417732834815979,results/outputs/global_verify_components/pca/pca_global_train_seed42_layer14_eps0.5_k10_ambig_shared_flip_rejected_n950.pt,results/analysis/global_topN_component_alignment_sweep/figs/bbq__scope-global__ptype-shared_flip__seed42__layer14__eps0.5__ambig__rejected__k2.png,shared_flip
bbq,global,True,42,14,0.5,ambig,shared_flip,chosen,3,top5_by_explained_variance,"0,1,2,3,4",-0.41243824474006263,15,0.11182505637407303,0.0837128609418869,0.03568629175424576,0.12738975882530212,results/outputs/global_verify_components/pca/pca_global_train_seed42_layer14_eps0.5_k10_ambig_shared_flip_chosen_n15.pt,results/analysis/global_topN_component_alignment_sweep/figs/bbq__scope-global__ptype-shared_flip__seed42__layer14__eps0.5__ambig__chosen__k3.png,shared_flip
bbq,global,True,42,14,0.5,ambig,shared_flip,chosen,3,top5_by_explained_variance,"0,1,2,3,4",0.2946218428857669,200,0.10148245096206665,0.0857865959405899,0.04459109157323837,0.14748910069465637,results/outputs/global_verify_components/pca/pca_global_train_seed42_layer14_eps0.5_k10_ambig_shared_flip_chosen_n200.pt,results/analysis/global_topN_component_alignment_sweep/figs/bbq__scope-global__ptype-shared_flip__seed42__layer14__eps0.5__ambig__chosen__k3.png,shared_flip
bbq,global,True,42,14,0.5,ambig,shared_flip,chosen,3,top5_by_explained_variance,"0,1,2,3,4",-0.1019299617089745,200,0.17505291104316711,0.16986064612865448,0.10543801635503769,0.23420533537864685,results/outputs/global_verify_components/pca/pca_global_train_seed42_layer14_eps0.5_k10_ambig_shared_flip_chosen_n400.pt,results/analysis/global_topN_component_alignment_sweep/figs/bbq__scope-global__ptype-shared_flip__seed42__layer14__eps0.5__ambig__chosen__k3.png,shared_flip
bbq,global,True,42,14,0.5,ambig,shared_flip,chosen,3,top5_by_explained_variance,"0,1,2,3,4",0.03659939693677449,200,0.11314801126718521,0.10551421344280243,0.05829416960477829,0.15440325438976288,results/outputs/global_verify_components/pca/pca_global_train_seed42_layer14_eps0.5_k10_ambig_shared_flip_chosen_n600.pt,results/analysis/global_topN_component_alignment_sweep/figs/bbq__scope-global__ptype-shared_flip__seed42__layer14__eps0.5__ambig__chosen__k3.png,shared_flip
bbq,global,True,42,14,0.5,ambig,shared_flip,chosen,3,top5_by_explained_variance,"0,1,2,3,4",-0.05935603012577309,200,0.1832921952009201,0.20117098093032837,0.1393355131149292,0.23511961102485657,results/outputs/global_verify_components/pca/pca_global_train_seed42_layer14_eps0.5_k10_ambig_shared_flip_chosen_n800.pt,results/analysis/global_topN_component_alignment_sweep/figs/bbq__scope-global__ptype-shared_flip__seed42__layer14__eps0.5__ambig__chosen__k3.png,shared_flip
bbq,global,True,42,14,0.5,ambig,shared_flip,chosen,3,top5_by_explained_variance,"0,1,2,3,4",0.44517053408996815,200,0.07930295914411545,0.06459353119134903,0.035155877470970154,0.10866289585828781,results/outputs/global_verify_components/pca/pca_global_train_seed42_layer14_eps0.5_k10_ambig_shared_flip_chosen_n950.pt,results/analysis/global_topN_component_alignment_sweep/figs/bbq__scope-global__ptype-shared_flip__seed42__layer14__eps0.5__ambig__chosen__k3.png,shared_flip
bbq,global,True,42,14,0.5,ambig,shared_flip,rejected,3,top5_by_explained_variance,"0,1,2,3,4",-0.17505367750730172,15,0.09904375672340393,0.09364371001720428,0.059004493057727814,0.1151648610830307,results/outputs/global_verify_components/pca/pca_global_train_seed42_layer14_eps0.5_k10_ambig_shared_flip_rejected_n15.pt,results/analysis/global_topN_component_alignment_sweep/figs/bbq__scope-global__ptype-shared_flip__seed42__layer14__eps0.5__ambig__rejected__k3.png,shared_flip
bbq,global,True,42,14,0.5,ambig,shared_flip,rejected,3,top5_by_explained_variance,"0,1,2,3,4",0.021696688083798137,200,0.0861905962228775,0.07354710251092911,0.03142527863383293,0.12512026727199554,results/outputs/global_verify_components/pca/pca_global_train_seed42_layer14_eps0.5_k10_ambig_shared_flip_rejected_n200.pt,results/analysis/global_topN_component_alignment_sweep/figs/bbq__scope-global__ptype-shared_flip__seed42__layer14__eps0.5__ambig__rejected__k3.png,shared_flip
bbq,global,True,42,14,0.5,ambig,shared_flip,rejected,3,top5_by_explained_variance,"0,1,2,3,4",0.17502126709871063,200,0.11905481666326523,0.10724877566099167,0.03648608922958374,0.19824400544166565,results/outputs/global_verify_components/pca/pca_global_train_seed42_layer14_eps0.5_k10_ambig_shared_flip_rejected_n400.pt,results/analysis/global_topN_component_alignment_sweep/figs/bbq__scope-global__ptype-shared_flip__seed42__layer14__eps0.5__ambig__rejected__k3.png,shared_flip
bbq,global,True,42,14,0.5,ambig,shared_flip,rejected,3,top5_by_explained_variance,"0,1,2,3,4",0.004543171478854949,200,0.1566411852836609,0.14195603132247925,0.11432815343141556,0.17327052354812622,results/outputs/global_verify_components/pca/pca_global_train_seed42_layer14_eps0.5_k10_ambig_shared_flip_rejected_n600.pt,results/analysis/global_topN_component_alignment_sweep/figs/bbq__scope-global__ptype-shared_flip__seed42__layer14__eps0.5__ambig__rejected__k3.png,shared_flip
bbq,global,True,42,14,0.5,ambig,shared_flip,rejected,3,top5_by_explained_variance,"0,1,2,3,4",-0.05943273275320085,200,0.2902488708496094,0.2968582510948181,0.2537690997123718,0.3263888359069824,results/outputs/global_verify_components/pca/pca_global_train_seed42_layer14_eps0.5_k10_ambig_shared_flip_rejected_n800.pt,results/analysis/global_topN_component_alignment_sweep/figs/bbq__scope-global__ptype-shared_flip__seed42__layer14__eps0.5__ambig__rejected__k3.png,shared_flip
bbq,global,True,42,14,0.5,ambig,shared_flip,rejected,3,top5_by_explained_variance,"0,1,2,3,4",-0.11319697272606143,200,0.07058613747358322,0.053802601993083954,0.02564997971057892,0.1043391153216362,results/outputs/global_verify_components/pca/pca_global_train_seed42_layer14_eps0.5_k10_ambig_shared_flip_rejected_n950.pt,results/analysis/global_topN_component_alignment_sweep/figs/bbq__scope-global__ptype-shared_flip__seed42__layer14__eps0.5__ambig__rejected__k3.png,shared_flip
bbq,global,True,42,14,0.5,ambig,shared_flip,chosen,4,top5_by_explained_variance,"0,1,2,3,4",0.1440331427944365,15,0.1054234430193901,0.10829827189445496,0.0692654550075531,0.14487960934638977,results/outputs/global_verify_components/pca/pca_global_train_seed42_layer14_eps0.5_k10_ambig_shared_flip_chosen_n15.pt,results/analysis/global_topN_component_alignment_sweep/figs/bbq__scope-global__ptype-shared_flip__seed42__layer14__eps0.5__ambig__chosen__k4.png,shared_flip
bbq,global,True,42,14,0.5,ambig,shared_flip,chosen,4,top5_by_explained_variance,"0,1,2,3,4",0.0033977640572352666,200,0.1343030333518982,0.13431599736213684,0.07130207121372223,0.19143261015415192,results/outputs/global_verify_components/pca/pca_global_train_seed42_layer14_eps0.5_k10_ambig_shared_flip_chosen_n200.pt,results/analysis/global_topN_component_alignment_sweep/figs/bbq__scope-global__ptype-shared_flip__seed42__layer14__eps0.5__ambig__chosen__k4.png,shared_flip
bbq,global,True,42,14,0.5,ambig,shared_flip,chosen,4,top5_by_explained_variance,"0,1,2,3,4",0.47750437928964795,200,0.09460321068763733,0.07391972839832306,0.032493844628334045,0.13803158700466156,results/outputs/global_verify_components/pca/pca_global_train_seed42_layer14_eps0.5_k10_ambig_shared_flip_chosen_n400.pt,results/analysis/global_topN_component_alignment_sweep/figs/bbq__scope-global__ptype-shared_flip__seed42__layer14__eps0.5__ambig__chosen__k4.png,shared_flip
bbq,global,True,42,14,0.5,ambig,shared_flip,chosen,4,top5_by_explained_variance,"0,1,2,3,4",-0.11547962835170075,200,0.21184435486793518,0.22695736587047577,0.11923547089099884,0.2973843216896057,results/outputs/global_verify_components/pca/pca_global_train_seed42_layer14_eps0.5_k10_ambig_shared_flip_chosen_n600.pt,results/analysis/global_topN_component_alignment_sweep/figs/bbq__scope-global__ptype-shared_flip__seed42__layer14__eps0.5__ambig__chosen__k4.png,shared_flip
bbq,global,True,42,14,0.5,ambig,shared_flip,chosen,4,top5_by_explained_variance,"0,1,2,3,4",-0.12042775681189902,200,0.08958059549331665,0.05506338179111481,0.030984215438365936,0.12764792144298553,results/outputs/global_verify_components/pca/pca_global_train_seed42_layer14_eps0.5_k10_ambig_shared_flip_chosen_n800.pt,results/analysis/global_topN_component_alignment_sweep/figs/bbq__scope-global__ptype-shared_flip__seed42__layer14__eps0.5__ambig__chosen__k4.png,shared_flip
bbq,global,True,42,14,0.5,ambig,shared_flip,chosen,4,top5_by_explained_variance,"0,1,2,3,4",0.22486341289911066,200,0.15439140796661377,0.16325198113918304,0.10401605814695358,0.20779520273208618,results/outputs/global_verify_components/pca/pca_global_train_seed42_layer14_eps0.5_k10_ambig_shared_flip_chosen_n950.pt,results/analysis/global_topN_component_alignment_sweep/figs/bbq__scope-global__ptype-shared_flip__seed42__layer14__eps0.5__ambig__chosen__k4.png,shared_flip
bbq,global,True,42,14,0.5,ambig,shared_flip,rejected,4,top5_by_explained_variance,"0,1,2,3,4",0.03859747552193987,15,0.10500909388065338,0.1240350753068924,0.04930172860622406,0.15622735023498535,results/outputs/global_verify_components/pca/pca_global_train_seed42_layer14_eps0.5_k10_ambig_shared_flip_rejected_n15.pt,results/analysis/global_topN_component_alignment_sweep/figs/bbq__scope-global__ptype-shared_flip__seed42__layer14__eps0.5__ambig__rejected__k4.png,shared_flip
bbq,global,True,42,14,0.5,ambig,shared_flip,rejected,4,top5_by_explained_variance,"0,1,2,3,4",-0.004660794466759168,200,0.07811655849218369,0.07036283612251282,0.040417738258838654,0.11092681437730789,results/outputs/global_verify_components/pca/pca_global_train_seed42_layer14_eps0.5_k10_ambig_shared_flip_rejected_n200.pt,results/analysis/global_topN_component_alignment_sweep/figs/bbq__scope-global__ptype-shared_flip__seed42__layer14__eps0.5__ambig__rejected__k4.png,shared_flip
bbq,global,True,42,14,0.5,ambig,shared_flip,rejected,4,top5_by_explained_variance,"0,1,2,3,4",-0.3965427759606206,200,0.08087780326604843,0.07216992974281311,0.030040141195058823,0.11824768036603928,results/outputs/global_verify_components/pca/pca_global_train_seed42_layer14_eps0.5_k10_ambig_shared_flip_rejected_n400.pt,results/analysis/global_topN_component_alignment_sweep/figs/bbq__scope-global__ptype-shared_flip__seed42__layer14__eps0.5__ambig__rejected__k4.png,shared_flip
bbq,global,True,42,14,0.5,ambig,shared_flip,rejected,4,top5_by_explained_variance,"0,1,2,3,4",-0.3139433325671092,200,0.2075507938861847,0.19546015560626984,0.13052061200141907,0.3066372275352478,results/outputs/global_verify_components/pca/pca_global_train_seed42_layer14_eps0.5_k10_ambig_shared_flip_rejected_n600.pt,results/analysis/global_topN_component_alignment_sweep/figs/bbq__scope-global__ptype-shared_flip__seed42__layer14__eps0.5__ambig__rejected__k4.png,shared_flip
bbq,global,True,42,14,0.5,ambig,shared_flip,rejected,4,top5_by_explained_variance,"0,1,2,3,4",0.16226656090099598,200,0.05756518244743347,0.03179918974637985,0.015320719219744205,0.05631422623991966,results/outputs/global_verify_components/pca/pca_global_train_seed42_layer14_eps0.5_k10_ambig_shared_flip_rejected_n800.pt,results/analysis/global_topN_component_alignment_sweep/figs/bbq__scope-global__ptype-shared_flip__seed42__layer14__eps0.5__ambig__rejected__k4.png,shared_flip
bbq,global,True,42,14,0.5,ambig,shared_flip,rejected,4,top5_by_explained_variance,"0,1,2,3,4",-0.18029303588662143,200,0.16650280356407166,0.17016229033470154,0.13378410041332245,0.19522014260292053,results/outputs/global_verify_components/pca/pca_global_train_seed42_layer14_eps0.5_k10_ambig_shared_flip_rejected_n950.pt,results/analysis/global_topN_component_alignment_sweep/figs/bbq__scope-global__ptype-shared_flip__seed42__layer14__eps0.5__ambig__rejected__k4.png,shared_flip
bbq,global,True,42,14,0.5,ambig,shared_noflip,chosen,0,top5_by_explained_variance,"0,1,2,3,4",0.8266336114978551,15,0.5233157277107239,0.5197116732597351,0.438933789730072,0.6050153970718384,results/outputs/global_verify_components/pca/pca_global_train_seed42_layer14_eps0.5_k10_ambig_shared_noflip_chosen_n15.pt,results/analysis/global_topN_component_alignment_sweep/figs/bbq__scope-global__ptype-shared_noflip__seed42__layer14__eps0.5__ambig__chosen__k0.png,shared_noflip
bbq,global,True,42,14,0.5,ambig,shared_noflip,chosen,0,top5_by_explained_variance,"0,1,2,3,4",-0.5185643669660226,200,0.4910036325454712,0.48661863803863525,0.39683467149734497,0.6016896367073059,results/outputs/global_verify_components/pca/pca_global_train_seed42_layer14_eps0.5_k10_ambig_shared_noflip_chosen_n200.pt,results/analysis/global_topN_component_alignment_sweep/figs/bbq__scope-global__ptype-shared_noflip__seed42__layer14__eps0.5__ambig__chosen__k0.png,shared_noflip
bbq,global,True,42,14,0.5,ambig,shared_noflip,chosen,0,top5_by_explained_variance,"0,1,2,3,4",0.8215533414029781,15,0.48010966181755066,0.4611932337284088,0.41268372535705566,0.54353928565979,results/outputs/global_verify_components/pca/pca_global_train_seed42_layer14_eps0.5_k10_ambig_shared_noflip_chosen_n30.pt,results/analysis/global_topN_component_alignment_sweep/figs/bbq__scope-global__ptype-shared_noflip__seed42__layer14__eps0.5__ambig__chosen__k0.png,shared_noflip
bbq,global,True,42,14,0.5,ambig,shared_noflip,chosen,0,top5_by_explained_variance,"0,1,2,3,4",-0.5098733391125356,200,0.4454229474067688,0.4519241452217102,0.3550342619419098,0.5474489331245422,results/outputs/global_verify_components/pca/pca_global_train_seed42_layer14_eps0.5_k10_ambig_shared_noflip_chosen_n400.pt,results/analysis/global_topN_component_alignment_sweep/figs/bbq__scope-global__ptype-shared_noflip__seed42__layer14__eps0.5__ambig__chosen__k0.png,shared_noflip
bbq,global,True,42,14,0.5,ambig,shared_noflip,chosen,0,top5_by_explained_variance,"0,1,2,3,4",0.5076134255100554,200,0.41429686546325684,0.41733431816101074,0.335763543844223,0.5060469508171082,results/outputs/global_verify_components/pca/pca_global_train_seed42_layer14_eps0.5_k10_ambig_shared_noflip_chosen_n600.pt,results/analysis/global_topN_component_alignment_sweep/figs/bbq__scope-global__ptype-shared_noflip__seed42__layer14__eps0.5__ambig__chosen__k0.png,shared_noflip
bbq,global,True,42,14,0.5,ambig,shared_noflip,chosen,0,top5_by_explained_variance,"0,1,2,3,4",-0.5179345623478377,200,0.4613247811794281,0.4888046085834503,0.34223657846450806,0.6019340753555298,results/outputs/global_verify_components/pca/pca_global_train_seed42_layer14_eps0.5_k10_ambig_shared_noflip_chosen_n800.pt,results/analysis/global_topN_component_alignment_sweep/figs/bbq__scope-global__ptype-shared_noflip__seed42__layer14__eps0.5__ambig__chosen__k0.png,shared_noflip
bbq,global,True,42,14,0.5,ambig,shared_noflip,chosen,0,top5_by_explained_variance,"0,1,2,3,4",-0.5244699678610778,200,0.4840918481349945,0.5673724412918091,0.28126436471939087,0.6729759573936462,results/outputs/global_verify_components/pca/pca_global_train_seed42_layer14_eps0.5_k10_ambig_shared_noflip_chosen_n950.pt,results/analysis/global_topN_component_alignment_sweep/figs/bbq__scope-global__ptype-shared_noflip__seed42__layer14__eps0.5__ambig__chosen__k0.png,shared_noflip
bbq,global,True,42,14,0.5,ambig,shared_noflip,rejected,0,top5_by_explained_variance,"0,1,2,3,4",0.7880960804224025,15,0.5166116952896118,0.5510563850402832,0.47578340768814087,0.5962735414505005,results/outputs/global_verify_components/pca/pca_global_train_seed42_layer14_eps0.5_k10_ambig_shared_noflip_rejected_n15.pt,results/analysis/global_topN_component_alignment_sweep/figs/bbq__scope-global__ptype-shared_noflip__seed42__layer14__eps0.5__ambig__rejected__k0.png,shared_noflip
bbq,global,True,42,14,0.5,ambig,shared_noflip,rejected,0,top5_by_explained_variance,"0,1,2,3,4",-0.5642800904628471,200,0.5243058204650879,0.57920241355896,0.4105052947998047,0.6390020251274109,results/outputs/global_verify_components/pca/pca_global_train_seed42_layer14_eps0.5_k10_ambig_shared_noflip_rejected_n200.pt,results/analysis/global_topN_component_alignment_sweep/figs/bbq__scope-global__ptype-shared_noflip__seed42__layer14__eps0.5__ambig__rejected__k0.png,shared_noflip
bbq,global,True,42,14,0.5,ambig,shared_noflip,rejected,0,top5_by_explained_variance,"0,1,2,3,4",0.8143008937041569,15,0.48737233877182007,0.6767454147338867,0.22677648067474365,0.6995499730110168,results/outputs/global_verify_components/pca/pca_global_train_seed42_layer14_eps0.5_k10_ambig_shared_noflip_rejected_n30.pt,results/analysis/global_topN_component_alignment_sweep/figs/bbq__scope-global__ptype-shared_noflip__seed42__layer14__eps0.5__ambig__rejected__k0.png,shared_noflip
bbq,global,True,42,14,0.5,ambig,shared_noflip,rejected,0,top5_by_explained_variance,"0,1,2,3,4",-0.5671820691338546,200,0.5105028748512268,0.6194443106651306,0.30044957995414734,0.6741780638694763,results/outputs/global_verify_components/pca/pca_global_train_seed42_layer14_eps0.5_k10_ambig_shared_noflip_rejected_n400.pt,results/analysis/global_topN_component_alignment_sweep/figs/bbq__scope-global__ptype-shared_noflip__seed42__layer14__eps0.5__ambig__rejected__k0.png,shared_noflip
bbq,global,True,42,14,0.5,ambig,shared_noflip,rejected,0,top5_by_explained_variance,"0,1,2,3,4",-0.5663699298570624,200,0.46570029854774475,0.5673514008522034,0.2726513147354126,0.6224015951156616,results/outputs/global_verify_components/pca/pca_global_train_seed42_layer14_eps0.5_k10_ambig_shared_noflip_rejected_n600.pt,results/analysis/global_topN_component_alignment_sweep/figs/bbq__scope-global__ptype-shared_noflip__seed42__layer14__eps0.5__ambig__rejected__k0.png,shared_noflip
bbq,global,True,42,14,0.5,ambig,shared_noflip,rejected,0,top5_by_explained_variance,"0,1,2,3,4",-0.5744450652705714,200,0.49176162481307983,0.6270984411239624,0.22491306066513062,0.6806463599205017,results/outputs/global_verify_components/pca/pca_global_train_seed42_layer14_eps0.5_k10_ambig_shared_noflip_rejected_n800.pt,results/analysis/global_topN_component_alignment_sweep/figs/bbq__scope-global__ptype-shared_noflip__seed42__layer14__eps0.5__ambig__rejected__k0.png,shared_noflip
bbq,global,True,42,14,0.5,ambig,shared_noflip,rejected,0,top5_by_explained_variance,"0,1,2,3,4",-0.5797381489430135,200,0.5132091641426086,0.6833978891372681,0.13367688655853271,0.7368677854537964,results/outputs/global_verify_components/pca/pca_global_train_seed42_layer14_eps0.5_k10_ambig_shared_noflip_rejected_n950.pt,results/analysis/global_topN_component_alignment_sweep/figs/bbq__scope-global__ptype-shared_noflip__seed42__layer14__eps0.5__ambig__rejected__k0.png,shared_noflip
bbq,global,True,42,14,0.5,ambig,shared_noflip,chosen,1,top5_by_explained_variance,"0,1,2,3,4",0.28937098742475137,15,0.21949909627437592,0.23202571272850037,0.07525420188903809,0.32051992416381836,results/outputs/global_verify_components/pca/pca_global_train_seed42_layer14_eps0.5_k10_ambig_shared_noflip_chosen_n15.pt,results/analysis/global_topN_component_alignment_sweep/figs/bbq__scope-global__ptype-shared_noflip__seed42__layer14__eps0.5__ambig__chosen__k1.png,shared_noflip
bbq,global,True,42,14,0.5,ambig,shared_noflip,chosen,1,top5_by_explained_variance,"0,1,2,3,4",-0.1771324222760407,200,0.16926658153533936,0.0859033614397049,0.03716561570763588,0.3103272616863251,results/outputs/global_verify_components/pca/pca_global_train_seed42_layer14_eps0.5_k10_ambig_shared_noflip_chosen_n200.pt,results/analysis/global_topN_component_alignment_sweep/figs/bbq__scope-global__ptype-shared_noflip__seed42__layer14__eps0.5__ambig__chosen__k1.png,shared_noflip
bbq,global,True,42,14,0.5,ambig,shared_noflip,chosen,1,top5_by_explained_variance,"0,1,2,3,4",-0.3239759072426639,15,0.5755375027656555,0.595237135887146,0.5436894297599792,0.6345769166946411,results/outputs/global_verify_components/pca/pca_global_train_seed42_layer14_eps0.5_k10_ambig_shared_noflip_chosen_n30.pt,results/analysis/global_topN_component_alignment_sweep/figs/bbq__scope-global__ptype-shared_noflip__seed42__layer14__eps0.5__ambig__chosen__k1.png,shared_noflip
bbq,global,True,42,14,0.5,ambig,shared_noflip,chosen,1,top5_by_explained_variance,"0,1,2,3,4",-0.5907935238097829,200,0.5939958095550537,0.6128025054931641,0.5224859118461609,0.6861709356307983,results/outputs/global_verify_components/pca/pca_global_train_seed42_layer14_eps0.5_k10_ambig_shared_noflip_chosen_n400.pt,results/analysis/global_topN_component_alignment_sweep/figs/bbq__scope-global__ptype-shared_noflip__seed42__layer14__eps0.5__ambig__chosen__k1.png,shared_noflip
bbq,global,True,42,14,0.5,ambig,shared_noflip,chosen,1,top5_by_explained_variance,"0,1,2,3,4",-0.6197383774532524,200,0.6084226369857788,0.634475827217102,0.5321944952011108,0.7096327543258667,results/outputs/global_verify_components/pca/pca_global_train_seed42_layer14_eps0.5_k10_ambig_shared_noflip_chosen_n600.pt,results/analysis/global_topN_component_alignment_sweep/figs/bbq__scope-global__ptype-shared_noflip__seed42__layer14__eps0.5__ambig__chosen__k1.png,shared_noflip
bbq,global,True,42,14,0.5,ambig,shared_noflip,chosen,1,top5_by_explained_variance,"0,1,2,3,4",-0.43368757230638316,200,0.5587447285652161,0.5802052021026611,0.5023395419120789,0.6318202018737793,results/outputs/global_verify_components/pca/pca_global_train_seed42_layer14_eps0.5_k10_ambig_shared_noflip_chosen_n800.pt,results/analysis/global_topN_component_alignment_sweep/figs/bbq__scope-global__ptype-shared_noflip__seed42__layer14__eps0.5__ambig__chosen__k1.png,shared_noflip
bbq,global,True,42,14,0.5,ambig,shared_noflip,chosen,1,top5_by_explained_variance,"0,1,2,3,4",-0.17111133902573736,200,0.5354405641555786,0.5600196719169617,0.46604520082473755,0.6168301701545715,results/outputs/global_verify_components/pca/pca_global_train_seed42_layer14_eps0.5_k10_ambig_shared_noflip_chosen_n950.pt,results/analysis/global_topN_component_alignment_sweep/figs/bbq__scope-global__ptype-shared_noflip__seed42__layer14__eps0.5__ambig__chosen__k1.png,shared_noflip
bbq,global,True,42,14,0.5,ambig,shared_noflip,rejected,1,top5_by_explained_variance,"0,1,2,3,4",0.31606469056315434,15,0.1873088926076889,0.12753120064735413,0.08571437001228333,0.22150927782058716,results/outputs/global_verify_components/pca/pca_global_train_seed42_layer14_eps0.5_k10_ambig_shared_noflip_rejected_n15.pt,results/analysis/global_topN_component_alignment_sweep/figs/bbq__scope-global__ptype-shared_noflip__seed42__layer14__eps0.5__ambig__rejected__k1.png,shared_noflip
bbq,global,True,42,14,0.5,ambig,shared_noflip,rejected,1,top5_by_explained_variance,"0,1,2,3,4",0.38216037385556373,200,0.1777554154396057,0.1632222831249237,0.08527512848377228,0.2401878386735916,results/outputs/global_verify_components/pca/pca_global_train_seed42_layer14_eps0.5_k10_ambig_shared_noflip_rejected_n200.pt,results/analysis/global_topN_component_alignment_sweep/figs/bbq__scope-global__ptype-shared_noflip__seed42__layer14__eps0.5__ambig__rejected__k1.png,shared_noflip
bbq,global,True,42,14,0.5,ambig,shared_noflip,rejected,1,top5_by_explained_variance,"0,1,2,3,4",-0.629407522122504,15,0.4918113648891449,0.43134254217147827,0.3653339743614197,0.6796773672103882,results/outputs/global_verify_components/pca/pca_global_train_seed42_layer14_eps0.5_k10_ambig_shared_noflip_rejected_n30.pt,results/analysis/global_topN_component_alignment_sweep/figs/bbq__scope-global__ptype-shared_noflip__seed42__layer14__eps0.5__ambig__rejected__k1.png,shared_noflip
bbq,global,True,42,14,0.5,ambig,shared_noflip,rejected,1,top5_by_explained_variance,"0,1,2,3,4",-0.3759458398694941,200,0.5051784515380859,0.5127962827682495,0.4635970890522003,0.5673853754997253,results/outputs/global_verify_components/pca/pca_global_train_seed42_layer14_eps0.5_k10_ambig_shared_noflip_rejected_n400.pt,results/analysis/global_topN_component_alignment_sweep/figs/bbq__scope-global__ptype-shared_noflip__seed42__layer14__eps0.5__ambig__rejected__k1.png,shared_noflip
bbq,global,True,42,14,0.5,ambig,shared_noflip,rejected,1,top5_by_explained_variance,"0,1,2,3,4",-0.5489636858249676,200,0.5623453259468079,0.5814929008483887,0.5227484703063965,0.6370475888252258,results/outputs/global_verify_components/pca/pca_global_train_seed42_layer14_eps0.5_k10_ambig_shared_noflip_rejected_n600.pt,results/analysis/global_topN_component_alignment_sweep/figs/bbq__scope-global__ptype-shared_noflip__seed42__layer14__eps0.5__ambig__rejected__k1.png,shared_noflip
bbq,global,True,42,14,0.5,ambig,shared_noflip,rejected,1,top5_by_explained_variance,"0,1,2,3,4",-0.40426484197775825,200,0.4917720556259155,0.5048046112060547,0.44816696643829346,0.5552786588668823,results/outputs/global_verify_components/pca/pca_global_train_seed42_layer14_eps0.5_k10_ambig_shared_noflip_rejected_n800.pt,results/analysis/global_topN_component_alignment_sweep/figs/bbq__scope-global__ptype-shared_noflip__seed42__layer14__eps0.5__ambig__rejected__k1.png,shared_noflip
bbq,global,True,42,14,0.5,ambig,shared_noflip,rejected,1,top5_by_explained_variance,"0,1,2,3,4",-0.28612500415245967,200,0.4169352650642395,0.42500603199005127,0.36540913581848145,0.4861581325531006,results/outputs/global_verify_components/pca/pca_global_train_seed42_layer14_eps0.5_k10_ambig_shared_noflip_rejected_n950.pt,results/analysis/global_topN_component_alignment_sweep/figs/bbq__scope-global__ptype-shared_noflip__seed42__layer14__eps0.5__ambig__rejected__k1.png,shared_noflip
bbq,global,True,42,14,0.5,ambig,shared_noflip,chosen,2,top5_by_explained_variance,"0,1,2,3,4",-0.0834897491884737,15,0.169967919588089,0.12076044827699661,0.06286220252513885,0.27295565605163574,results/outputs/global_verify_components/pca/pca_global_train_seed42_layer14_eps0.5_k10_ambig_shared_noflip_chosen_n15.pt,results/analysis/global_topN_component_alignment_sweep/figs/bbq__scope-global__ptype-shared_noflip__seed42__layer14__eps0.5__ambig__chosen__k2.png,shared_noflip
bbq,global,True,42,14,0.5,ambig,shared_noflip,chosen,2,top5_by_explained_variance,"0,1,2,3,4",-0.07175355517049081,200,0.1495744287967682,0.12320779263973236,0.05022984370589256,0.22152167558670044,results/outputs/global_verify_components/pca/pca_global_train_seed42_layer14_eps0.5_k10_ambig_shared_noflip_chosen_n200.pt,results/analysis/global_topN_component_alignment_sweep/figs/bbq__scope-global__ptype-shared_noflip__seed42__layer14__eps0.5__ambig__chosen__k2.png,shared_noflip
bbq,global,True,42,14,0.5,ambig,shared_noflip,chosen,2,top5_by_explained_variance,"0,1,2,3,4",0.785979168205781,15,0.1447405219078064,0.13781246542930603,0.0729336142539978,0.18749652802944183,results/outputs/global_verify_components/pca/pca_global_train_seed42_layer14_eps0.5_k10_ambig_shared_noflip_chosen_n30.pt,results/analysis/global_topN_component_alignment_sweep/figs/bbq__scope-global__ptype-shared_noflip__seed42__layer14__eps0.5__ambig__chosen__k2.png,shared_noflip
bbq,global,True,42,14,0.5,ambig,shared_noflip,chosen,2,top5_by_explained_variance,"0,1,2,3,4",0.10517693995168564,200,0.10880409181118011,0.09535303711891174,0.041322268545627594,0.15156608819961548,results/outputs/global_verify_components/pca/pca_global_train_seed42_layer14_eps0.5_k10_ambig_shared_noflip_chosen_n400.pt,results/analysis/global_topN_component_alignment_sweep/figs/bbq__scope-global__ptype-shared_noflip__seed42__layer14__eps0.5__ambig__chosen__k2.png,shared_noflip
bbq,global,True,42,14,0.5,ambig,shared_noflip,chosen,2,top5_by_explained_variance,"0,1,2,3,4",-0.12934062580680433,200,0.1252456158399582,0.11209341883659363,0.06275901943445206,0.18002328276634216,results/outputs/global_verify_components/pca/pca_global_train_seed42_layer14_eps0.5_k10_ambig_shared_noflip_chosen_n600.pt,results/analysis/global_topN_component_alignment_sweep/figs/bbq__scope-global__ptype-shared_noflip__seed42__layer14__eps0.5__ambig__chosen__k2.png,shared_noflip
bbq,global,True,42,14,0.5,ambig,shared_noflip,chosen,2,top5_by_explained_variance,"0,1,2,3,4",-0.23751545924436246,200,0.163294717669487,0.16905219852924347,0.09085115045309067,0.23264232277870178,results/outputs/global_verify_components/pca/pca_global_train_seed42_layer14_eps0.5_k10_ambig_shared_noflip_chosen_n800.pt,results/analysis/global_topN_component_alignment_sweep/figs/bbq__scope-global__ptype-shared_noflip__seed42__layer14__eps0.5__ambig__chosen__k2.png,shared_noflip
bbq,global,True,42,14,0.5,ambig,shared_noflip,chosen,2,top5_by_explained_variance,"0,1,2,3,4",0.12081429283797912,200,0.07120537012815475,0.057241395115852356,0.027846135199069977,0.09624850004911423,results/outputs/global_verify_components/pca/pca_global_train_seed42_layer14_eps0.5_k10_ambig_shared_noflip_chosen_n950.pt,results/analysis/global_topN_component_alignment_sweep/figs/bbq__scope-global__ptype-shared_noflip__seed42__layer14__eps0.5__ambig__chosen__k2.png,shared_noflip
bbq,global,True,42,14,0.5,ambig,shared_noflip,rejected,2,top5_by_explained_variance,"0,1,2,3,4",-0.1086837565800471,15,0.1409536451101303,0.09066932648420334,0.04002898186445236,0.21660447120666504,results/outputs/global_verify_components/pca/pca_global_train_seed42_layer14_eps0.5_k10_ambig_shared_noflip_rejected_n15.pt,results/analysis/global_topN_component_alignment_sweep/figs/bbq__scope-global__ptype-shared_noflip__seed42__layer14__eps0.5__ambig__rejected__k2.png,shared_noflip
bbq,global,True,42,14,0.5,ambig,shared_noflip,rejected,2,top5_by_explained_variance,"0,1,2,3,4",-0.02835357474150124,200,0.10696645826101303,0.07120292633771896,0.030374720692634583,0.12597675621509552,results/outputs/global_verify_components/pca/pca_global_train_seed42_layer14_eps0.5_k10_ambig_shared_noflip_rejected_n200.pt,results/analysis/global_topN_component_alignment_sweep/figs/bbq__scope-global__ptype-shared_noflip__seed42__layer14__eps0.5__ambig__rejected__k2.png,shared_noflip
bbq,global,True,42,14,0.5,ambig,shared_noflip,rejected,2,top5_by_explained_variance,"0,1,2,3,4",0.44451165689737304,15,0.1917012631893158,0.21018323302268982,0.1293724775314331,0.27514684200286865,results/outputs/global_verify_components/pca/pca_global_train_seed42_layer14_eps0.5_k10_ambig_shared_noflip_rejected_n30.pt,results/analysis/global_topN_component_alignment_sweep/figs/bbq__scope-global__ptype-shared_noflip__seed42__layer14__eps0.5__ambig__rejected__k2.png,shared_noflip
bbq,global,True,42,14,0.5,ambig,shared_noflip,rejected,2,top5_by_explained_variance,"0,1,2,3,4",0.2725743641274808,200,0.18441295623779297,0.138881117105484,0.05739274621009827,0.27861711382865906,results/outputs/global_verify_components/pca/pca_global_train_seed42_layer14_eps0.5_k10_ambig_shared_noflip_rejected_n400.pt,results/analysis/global_topN_component_alignment_sweep/figs/bbq__scope-global__ptype-shared_noflip__seed42__layer14__eps0.5__ambig__rejected__k2.png,shared_noflip
bbq,global,True,42,14,0.5,ambig,shared_noflip,rejected,2,top5_by_explained_variance,"0,1,2,3,4",-0.27046380878739,200,0.14064092934131622,0.13698101043701172,0.07876881957054138,0.19316433370113373,results/outputs/global_verify_components/pca/pca_global_train_seed42_layer14_eps0.5_k10_ambig_shared_noflip_rejected_n600.pt,results/analysis/global_topN_component_alignment_sweep/figs/bbq__scope-global__ptype-shared_noflip__seed42__layer14__eps0.5__ambig__rejected__k2.png,shared_noflip
bbq,global,True,42,14,0.5,ambig,shared_noflip,rejected,2,top5_by_explained_variance,"0,1,2,3,4",-0.31348433486222765,200,0.14295420050621033,0.14220094680786133,0.08913743495941162,0.19552546739578247,results/outputs/global_verify_components/pca/pca_global_train_seed42_layer14_eps0.5_k10_ambig_shared_noflip_rejected_n800.pt,results/analysis/global_topN_component_alignment_sweep/figs/bbq__scope-global__ptype-shared_noflip__seed42__layer14__eps0.5__ambig__rejected__k2.png,shared_noflip
bbq,global,True,42,14,0.5,ambig,shared_noflip,rejected,2,top5_by_explained_variance,"0,1,2,3,4",-0.41481821982229444,200,0.17194080352783203,0.13812890648841858,0.09011596441268921,0.2484671026468277,results/outputs/global_verify_components/pca/pca_global_train_seed42_layer14_eps0.5_k10_ambig_shared_noflip_rejected_n950.pt,results/analysis/global_topN_component_alignment_sweep/figs/bbq__scope-global__ptype-shared_noflip__seed42__layer14__eps0.5__ambig__rejected__k2.png,shared_noflip
bbq,global,True,42,14,0.5,ambig,shared_noflip,chosen,3,top5_by_explained_variance,"0,1,2,3,4",0.0750285243780571,15,0.19015763700008392,0.2110019326210022,0.08055301010608673,0.23555073142051697,results/outputs/global_verify_components/pca/pca_global_train_seed42_layer14_eps0.5_k10_ambig_shared_noflip_chosen_n15.pt,results/analysis/global_topN_component_alignment_sweep/figs/bbq__scope-global__ptype-shared_noflip__seed42__layer14__eps0.5__ambig__chosen__k3.png,shared_noflip
bbq,global,True,42,14,0.5,ambig,shared_noflip,chosen,3,top5_by_explained_variance,"0,1,2,3,4",0.445307485482703,200,0.20711904764175415,0.20538312196731567,0.11622044444084167,0.2855517268180847,results/outputs/global_verify_components/pca/pca_global_train_seed42_layer14_eps0.5_k10_ambig_shared_noflip_chosen_n200.pt,results/analysis/global_topN_component_alignment_sweep/figs/bbq__scope-global__ptype-shared_noflip__seed42__layer14__eps0.5__ambig__chosen__k3.png,shared_noflip
bbq,global,True,42,14,0.5,ambig,shared_noflip,chosen,3,top5_by_explained_variance,"0,1,2,3,4",-0.6260315429986275,15,0.10230881720781326,0.09780748933553696,0.046448297798633575,0.12192581593990326,results/outputs/global_verify_components/pca/pca_global_train_seed42_layer14_eps0.5_k10_ambig_shared_noflip_chosen_n30.pt,results/analysis/global_topN_component_alignment_sweep/figs/bbq__scope-global__ptype-shared_noflip__seed42__layer14__eps0.5__ambig__chosen__k3.png,shared_noflip
bbq,global,True,42,14,0.5,ambig,shared_noflip,chosen,3,top5_by_explained_variance,"0,1,2,3,4",0.5836240150820855,200,0.13302947580814362,0.10576684027910233,0.048081330955028534,0.19422318041324615,results/outputs/global_verify_components/pca/pca_global_train_seed42_layer14_eps0.5_k10_ambig_shared_noflip_chosen_n400.pt,results/analysis/global_topN_component_alignment_sweep/figs/bbq__scope-global__ptype-shared_noflip__seed42__layer14__eps0.5__ambig__chosen__k3.png,shared_noflip
bbq,global,True,42,14,0.5,ambig,shared_noflip,chosen,3,top5_by_explained_variance,"0,1,2,3,4",0.010085913606598598,200,0.1059735119342804,0.09136229008436203,0.03585350885987282,0.1548214852809906,results/outputs/global_verify_components/pca/pca_global_train_seed42_layer14_eps0.5_k10_ambig_shared_noflip_chosen_n600.pt,results/analysis/global_topN_component_alignment_sweep/figs/bbq__scope-global__ptype-shared_noflip__seed42__layer14__eps0.5__ambig__chosen__k3.png,shared_noflip
bbq,global,True,42,14,0.5,ambig,shared_noflip,chosen,3,top5_by_explained_variance,"0,1,2,3,4",0.4384808854244914,200,0.14706997573375702,0.12395164370536804,0.05549744516611099,0.24282331764698029,results/outputs/global_verify_components/pca/pca_global_train_seed42_layer14_eps0.5_k10_ambig_shared_noflip_chosen_n800.pt,results/analysis/global_topN_component_alignment_sweep/figs/bbq__scope-global__ptype-shared_noflip__seed42__layer14__eps0.5__ambig__chosen__k3.png,shared_noflip
bbq,global,True,42,14,0.5,ambig,shared_noflip,chosen,3,top5_by_explained_variance,"0,1,2,3,4",-0.14700875150060216,200,0.12650403380393982,0.12609252333641052,0.07042615115642548,0.18222713470458984,results/outputs/global_verify_components/pca/pca_global_train_seed42_layer14_eps0.5_k10_ambig_shared_noflip_chosen_n950.pt,results/analysis/global_topN_component_alignment_sweep/figs/bbq__scope-global__ptype-shared_noflip__seed42__layer14__eps0.5__ambig__chosen__k3.png,shared_noflip
bbq,global,True,42,14,0.5,ambig,shared_noflip,rejected,3,top5_by_explained_variance,"0,1,2,3,4",0.19397606015850785,15,0.14618659019470215,0.13530856370925903,0.05456360802054405,0.20565703511238098,results/outputs/global_verify_components/pca/pca_global_train_seed42_layer14_eps0.5_k10_ambig_shared_noflip_rejected_n15.pt,results/analysis/global_topN_component_alignment_sweep/figs/bbq__scope-global__ptype-shared_noflip__seed42__layer14__eps0.5__ambig__rejected__k3.png,shared_noflip
bbq,global,True,42,14,0.5,ambig,shared_noflip,rejected,3,top5_by_explained_variance,"0,1,2,3,4",0.2339347341709388,200,0.2043478786945343,0.20969997346401215,0.1517290472984314,0.2705193758010864,results/outputs/global_verify_components/pca/pca_global_train_seed42_layer14_eps0.5_k10_ambig_shared_noflip_rejected_n200.pt,results/analysis/global_topN_component_alignment_sweep/figs/bbq__scope-global__ptype-shared_noflip__seed42__layer14__eps0.5__ambig__rejected__k3.png,shared_noflip
bbq,global,True,42,14,0.5,ambig,shared_noflip,rejected,3,top5_by_explained_variance,"0,1,2,3,4",0.6869106432242345,15,0.09894906729459763,0.10715873539447784,0.046074122190475464,0.12529829144477844,results/outputs/global_verify_components/pca/pca_global_train_seed42_layer14_eps0.5_k10_ambig_shared_noflip_rejected_n30.pt,results/analysis/global_topN_component_alignment_sweep/figs/bbq__scope-global__ptype-shared_noflip__seed42__layer14__eps0.5__ambig__rejected__k3.png,shared_noflip
bbq,global,True,42,14,0.5,ambig,shared_noflip,rejected,3,top5_by_explained_variance,"0,1,2,3,4",0.5785686935388921,200,0.11666200309991837,0.06328992545604706,0.02475203014910221,0.17672646045684814,results/outputs/global_verify_components/pca/pca_global_train_seed42_layer14_eps0.5_k10_ambig_shared_noflip_rejected_n400.pt,results/analysis/global_topN_component_alignment_sweep/figs/bbq__scope-global__ptype-shared_noflip__seed42__layer14__eps0.5__ambig__rejected__k3.png,shared_noflip
bbq,global,True,42,14,0.5,ambig,shared_noflip,rejected,3,top5_by_explained_variance,"0,1,2,3,4",-0.5375178881212606,200,0.14643707871437073,0.0456414669752121,0.020949967205524445,0.3210778832435608,results/outputs/global_verify_components/pca/pca_global_train_seed42_layer14_eps0.5_k10_ambig_shared_noflip_rejected_n600.pt,results/analysis/global_topN_component_alignment_sweep/figs/bbq__scope-global__ptype-shared_noflip__seed42__layer14__eps0.5__ambig__rejected__k3.png,shared_noflip
bbq,global,True,42,14,0.5,ambig,shared_noflip,rejected,3,top5_by_explained_variance,"0,1,2,3,4",-0.4921081821127163,200,0.14953625202178955,0.05720067024230957,0.02808387391269207,0.3307385742664337,results/outputs/global_verify_components/pca/pca_global_train_seed42_layer14_eps0.5_k10_ambig_shared_noflip_rejected_n800.pt,results/analysis/global_topN_component_alignment_sweep/figs/bbq__scope-global__ptype-shared_noflip__seed42__layer14__eps0.5__ambig__rejected__k3.png,shared_noflip
bbq,global,True,42,14,0.5,ambig,shared_noflip,rejected,3,top5_by_explained_variance,"0,1,2,3,4",-0.27973104799051673,200,0.13967666029930115,0.14243625104427338,0.08097919076681137,0.19808417558670044,results/outputs/global_verify_components/pca/pca_global_train_seed42_layer14_eps0.5_k10_ambig_shared_noflip_rejected_n950.pt,results/analysis/global_topN_component_alignment_sweep/figs/bbq__scope-global__ptype-shared_noflip__seed42__layer14__eps0.5__ambig__rejected__k3.png,shared_noflip
bbq,global,True,42,14,0.5,ambig,shared_noflip,chosen,4,top5_by_explained_variance,"0,1,2,3,4",0.03460994990885357,15,0.12042976170778275,0.04849619045853615,0.02256195805966854,0.2109658420085907,results/outputs/global_verify_components/pca/pca_global_train_seed42_layer14_eps0.5_k10_ambig_shared_noflip_chosen_n15.pt,results/analysis/global_topN_component_alignment_sweep/figs/bbq__scope-global__ptype-shared_noflip__seed42__layer14__eps0.5__ambig__chosen__k4.png,shared_noflip
bbq,global,True,42,14,0.5,ambig,shared_noflip,chosen,4,top5_by_explained_variance,"0,1,2,3,4",-0.14306196407272842,200,0.20413407683372498,0.20504608750343323,0.10726913809776306,0.28509199619293213,results/outputs/global_verify_components/pca/pca_global_train_seed42_layer14_eps0.5_k10_ambig_shared_noflip_chosen_n200.pt,results/analysis/global_topN_component_alignment_sweep/figs/bbq__scope-global__ptype-shared_noflip__seed42__layer14__eps0.5__ambig__chosen__k4.png,shared_noflip
bbq,global,True,42,14,0.5,ambig,shared_noflip,chosen,4,top5_by_explained_variance,"0,1,2,3,4",-0.49700824494464885,15,0.13400138914585114,0.11530712991952896,0.0685245543718338,0.19412006437778473,results/outputs/global_verify_components/pca/pca_global_train_seed42_layer14_eps0.5_k10_ambig_shared_noflip_chosen_n30.pt,results/analysis/global_topN_component_alignment_sweep/figs/bbq__scope-global__ptype-shared_noflip__seed42__layer14__eps0.5__ambig__chosen__k4.png,shared_noflip
bbq,global,True,42,14,0.5,ambig,shared_noflip,chosen,4,top5_by_explained_variance,"0,1,2,3,4",-0.14198739568019172,200,0.17028991878032684,0.15441441535949707,0.08796819299459457,0.2241407334804535,results/outputs/global_verify_components/pca/pca_global_train_seed42_layer14_eps0.5_k10_ambig_shared_noflip_chosen_n400.pt,results/analysis/global_topN_component_alignment_sweep/figs/bbq__scope-global__ptype-shared_noflip__seed42__layer14__eps0.5__ambig__chosen__k4.png,shared_noflip
bbq,global,True,42,14,0.5,ambig,shared_noflip,chosen,4,top5_by_explained_variance,"0,1,2,3,4",0.5738768065110169,200,0.14520156383514404,0.08405860513448715,0.036010902374982834,0.25110891461372375,results/outputs/global_verify_components/pca/pca_global_train_seed42_layer14_eps0.5_k10_ambig_shared_noflip_chosen_n600.pt,results/analysis/global_topN_component_alignment_sweep/figs/bbq__scope-global__ptype-shared_noflip__seed42__layer14__eps0.5__ambig__chosen__k4.png,shared_noflip
bbq,global,True,42,14,0.5,ambig,shared_noflip,chosen,4,top5_by_explained_variance,"0,1,2,3,4",-0.026354087580371652,200,0.11052200943231583,0.10363338887691498,0.04697776958346367,0.16433724761009216,results/outputs/global_verify_components/pca/pca_global_train_seed42_layer14_eps0.5_k10_ambig_shared_noflip_chosen_n800.pt,results/analysis/global_topN_component_alignment_sweep/figs/bbq__scope-global__ptype-shared_noflip__seed42__layer14__eps0.5__ambig__chosen__k4.png,shared_noflip
bbq,global,True,42,14,0.5,ambig,shared_noflip,chosen,4,top5_by_explained_variance,"0,1,2,3,4",0.46981324472682556,200,0.12676593661308289,0.11272746324539185,0.047903578728437424,0.1888430267572403,results/outputs/global_verify_components/pca/pca_global_train_seed42_layer14_eps0.5_k10_ambig_shared_noflip_chosen_n950.pt,results/analysis/global_topN_component_alignment_sweep/figs/bbq__scope-global__ptype-shared_noflip__seed42__layer14__eps0.5__ambig__chosen__k4.png,shared_noflip
bbq,global,True,42,14,0.5,ambig,shared_noflip,rejected,4,top5_by_explained_variance,"0,1,2,3,4",0.2903032544144486,15,0.08232351392507553,0.0462256595492363,0.0275878868997097,0.08518007397651672,results/outputs/global_verify_components/pca/pca_global_train_seed42_layer14_eps0.5_k10_ambig_shared_noflip_rejected_n15.pt,results/analysis/global_topN_component_alignment_sweep/figs/bbq__scope-global__ptype-shared_noflip__seed42__layer14__eps0.5__ambig__rejected__k4.png,shared_noflip
bbq,global,True,42,14,0.5,ambig,shared_noflip,rejected,4,top5_by_explained_variance,"0,1,2,3,4",-0.06773235651076182,200,0.09674858301877975,0.0787024199962616,0.03685682266950607,0.13864296674728394,results/outputs/global_verify_components/pca/pca_global_train_seed42_layer14_eps0.5_k10_ambig_shared_noflip_rejected_n200.pt,results/analysis/global_topN_component_alignment_sweep/figs/bbq__scope-global__ptype-shared_noflip__seed42__layer14__eps0.5__ambig__rejected__k4.png,shared_noflip
bbq,global,True,42,14,0.5,ambig,shared_noflip,rejected,4,top5_by_explained_variance,"0,1,2,3,4",0.7132091304117227,15,0.12121844291687012,0.09881975501775742,0.07213824987411499,0.18985459208488464,results/outputs/global_verify_components/pca/pca_global_train_seed42_layer14_eps0.5_k10_ambig_shared_noflip_rejected_n30.pt,results/analysis/global_topN_component_alignment_sweep/figs/bbq__scope-global__ptype-shared_noflip__seed42__layer14__eps0.5__ambig__rejected__k4.png,shared_noflip
bbq,global,True,42,14,0.5,ambig,shared_noflip,rejected,4,top5_by_explained_variance,"0,1,2,3,4",0.5735492414073028,200,0.0748799592256546,0.06435492634773254,0.028813643380999565,0.10531283915042877,results/outputs/global_verify_components/pca/pca_global_train_seed42_layer14_eps0.5_k10_ambig_shared_noflip_rejected_n400.pt,results/analysis/global_topN_component_alignment_sweep/figs/bbq__scope-global__ptype-shared_noflip__seed42__layer14__eps0.5__ambig__rejected__k4.png,shared_noflip
bbq,global,True,42,14,0.5,ambig,shared_noflip,rejected,4,top5_by_explained_variance,"0,1,2,3,4",0.4029331901816901,200,0.09765314310789108,0.0776924192905426,0.03764206916093826,0.14634689688682556,results/outputs/global_verify_components/pca/pca_global_train_seed42_layer14_eps0.5_k10_ambig_shared_noflip_rejected_n600.pt,results/analysis/global_topN_component_alignment_sweep/figs/bbq__scope-global__ptype-shared_noflip__seed42__layer14__eps0.5__ambig__rejected__k4.png,shared_noflip
bbq,global,True,42,14,0.5,ambig,shared_noflip,rejected,4,top5_by_explained_variance,"0,1,2,3,4",0.5843711433898169,200,0.18552696704864502,0.17656558752059937,0.098222516477108,0.2517114579677582,results/outputs/global_verify_components/pca/pca_global_train_seed42_layer14_eps0.5_k10_ambig_shared_noflip_rejected_n800.pt,results/analysis/global_topN_component_alignment_sweep/figs/bbq__scope-global__ptype-shared_noflip__seed42__layer14__eps0.5__ambig__rejected__k4.png,shared_noflip
bbq,global,True,42,14,0.5,ambig,shared_noflip,rejected,4,top5_by_explained_variance,"0,1,2,3,4",0.4597344126780885,200,0.1572204977273941,0.13991017639636993,0.09320667386054993,0.20432710647583008,results/outputs/global_verify_components/pca/pca_global_train_seed42_layer14_eps0.5_k10_ambig_shared_noflip_rejected_n950.pt,results/analysis/global_topN_component_alignment_sweep/figs/bbq__scope-global__ptype-shared_noflip__seed42__layer14__eps0.5__ambig__rejected__k4.png,shared_noflip
gsm_mc,global,True,42,14,0.5,ambig,separate,chosen,0,top5_by_explained_variance,"0,1,2,3,4",-0.07902414723692247,200,0.38331422209739685,0.3962378203868866,0.36560943722724915,0.42321377992630005,results/outputs/global_verify_components/pca/pca_global_train_seed42_layer14_eps0.5_k10_ambig_separate_chosen_n400.pt,results/analysis/global_topN_component_alignment_sweep/figs/gsm_mc__scope-global__ptype-separate__seed42__layer14__eps0.5__ambig__chosen__k0.png,separate
gsm_mc,global,True,42,14,0.5,ambig,separate,chosen,0,top5_by_explained_variance,"0,1,2,3,4",-0.17936528025302212,200,0.33279281854629517,0.3449013829231262,0.3124121129512787,0.37012749910354614,results/outputs/global_verify_components/pca/pca_global_train_seed42_layer14_eps0.5_k10_ambig_separate_chosen_n600.pt,results/analysis/global_topN_component_alignment_sweep/figs/gsm_mc__scope-global__ptype-separate__seed42__layer14__eps0.5__ambig__chosen__k0.png,separate
gsm_mc,global,True,42,14,0.5,ambig,separate,chosen,0,top5_by_explained_variance,"0,1,2,3,4",-0.20097087270012787,200,0.3386572301387787,0.3502686023712158,0.3175175189971924,0.3780035376548767,results/outputs/global_verify_components/pca/pca_global_train_seed42_layer14_eps0.5_k10_ambig_separate_chosen_n800.pt,results/analysis/global_topN_component_alignment_sweep/figs/gsm_mc__scope-global__ptype-separate__seed42__layer14__eps0.5__ambig__chosen__k0.png,separate
gsm_mc,global,True,42,14,0.5,ambig,separate,chosen,0,top5_by_explained_variance,"0,1,2,3,4",-0.20757364450611707,200,0.49196991324424744,0.5009344816207886,0.4616578221321106,0.5442230701446533,results/outputs/global_verify_components/pca/pca_global_train_seed42_layer14_eps0.5_k10_ambig_separate_chosen_n950.pt,results/analysis/global_topN_component_alignment_sweep/figs/gsm_mc__scope-global__ptype-separate__seed42__layer14__eps0.5__ambig__chosen__k0.png,separate
gsm_mc,global,True,42,14,0.5,ambig,separate,rejected,0,top5_by_explained_variance,"0,1,2,3,4",-0.06451522822644756,200,0.26339849829673767,0.2720952332019806,0.22533796727657318,0.31767719984054565,results/outputs/global_verify_components/pca/pca_global_train_seed42_layer14_eps0.5_k10_ambig_separate_rejected_n400.pt,results/analysis/global_topN_component_alignment_sweep/figs/gsm_mc__scope-global__ptype-separate__seed42__layer14__eps0.5__ambig__rejected__k0.png,separate
gsm_mc,global,True,42,14,0.5,ambig,separate,rejected,0,top5_by_explained_variance,"0,1,2,3,4",-0.13846608919164444,200,0.15139025449752808,0.159908264875412,0.10886391997337341,0.19214066863059998,results/outputs/global_verify_components/pca/pca_global_train_seed42_layer14_eps0.5_k10_ambig_separate_rejected_n600.pt,results/analysis/global_topN_component_alignment_sweep/figs/gsm_mc__scope-global__ptype-separate__seed42__layer14__eps0.5__ambig__rejected__k0.png,separate
gsm_mc,global,True,42,14,0.5,ambig,separate,rejected,0,top5_by_explained_variance,"0,1,2,3,4",-0.20695996647554538,200,0.183245450258255,0.1878451704978943,0.1359362006187439,0.23489966988563538,results/outputs/global_verify_components/pca/pca_global_train_seed42_layer14_eps0.5_k10_ambig_separate_rejected_n800.pt,results/analysis/global_topN_component_alignment_sweep/figs/gsm_mc__scope-global__ptype-separate__seed42__layer14__eps0.5__ambig__rejected__k0.png,separate
gsm_mc,global,True,42,14,0.5,ambig,separate,rejected,0,top5_by_explained_variance,"0,1,2,3,4",-0.13716422653999386,200,0.4626947045326233,0.4970393776893616,0.4039420783519745,0.5379266142845154,results/outputs/global_verify_components/pca/pca_global_train_seed42_layer14_eps0.5_k10_ambig_separate_rejected_n950.pt,results/analysis/global_topN_component_alignment_sweep/figs/gsm_mc__scope-global__ptype-separate__seed42__layer14__eps0.5__ambig__rejected__k0.png,separate
gsm_mc,global,True,42,14,0.5,ambig,separate,chosen,1,top5_by_explained_variance,"0,1,2,3,4",0.09525884591005508,200,0.10248474776744843,0.1009020060300827,0.07410970330238342,0.12899737060070038,results/outputs/global_verify_components/pca/pca_global_train_seed42_layer14_eps0.5_k10_ambig_separate_chosen_n400.pt,results/analysis/global_topN_component_alignment_sweep/figs/gsm_mc__scope-global__ptype-separate__seed42__layer14__eps0.5__ambig__chosen__k1.png,separate
gsm_mc,global,True,42,14,0.5,ambig,separate,chosen,1,top5_by_explained_variance,"0,1,2,3,4",0.13000582206168446,200,0.22534140944480896,0.22594457864761353,0.1520410031080246,0.305472195148468,results/outputs/global_verify_components/pca/pca_global_train_seed42_layer14_eps0.5_k10_ambig_separate_chosen_n600.pt,results/analysis/global_topN_component_alignment_sweep/figs/gsm_mc__scope-global__ptype-separate__seed42__layer14__eps0.5__ambig__chosen__k1.png,separate
gsm_mc,global,True,42,14,0.5,ambig,separate,chosen,1,top5_by_explained_variance,"0,1,2,3,4",-0.004186326960416186,200,0.10716214776039124,0.09044231474399567,0.04990781471133232,0.15346559882164001,results/outputs/global_verify_components/pca/pca_global_train_seed42_layer14_eps0.5_k10_ambig_separate_chosen_n800.pt,results/analysis/global_topN_component_alignment_sweep/figs/gsm_mc__scope-global__ptype-separate__seed42__layer14__eps0.5__ambig__chosen__k1.png,separate
gsm_mc,global,True,42,14,0.5,ambig,separate,chosen,1,top5_by_explained_variance,"0,1,2,3,4",0.07185001964666286,200,0.15713916718959808,0.15523158013820648,0.12898102402687073,0.1833793818950653,results/outputs/global_verify_components/pca/pca_global_train_seed42_layer14_eps0.5_k10_ambig_separate_chosen_n950.pt,results/analysis/global_topN_component_alignment_sweep/figs/gsm_mc__scope-global__ptype-separate__seed42__layer14__eps0.5__ambig__chosen__k1.png,separate
gsm_mc,global,True,42,14,0.5,ambig,separate,rejected,1,top5_by_explained_variance,"0,1,2,3,4",0.004442919948718838,200,0.1781185269355774,0.1705923229455948,0.10117001086473465,0.24448207020759583,results/outputs/global_verify_components/pca/pca_global_train_seed42_layer14_eps0.5_k10_ambig_separate_rejected_n400.pt,results/analysis/global_topN_component_alignment_sweep/figs/gsm_mc__scope-global__ptype-separate__seed42__layer14__eps0.5__ambig__rejected__k1.png,separate
gsm_mc,global,True,42,14,0.5,ambig,separate,rejected,1,top5_by_explained_variance,"0,1,2,3,4",-0.05766693067407879,200,0.3335123360157013,0.372825562953949,0.20020465552806854,0.45655161142349243,results/outputs/global_verify_components/pca/pca_global_train_seed42_layer14_eps0.5_k10_ambig_separate_rejected_n600.pt,results/analysis/global_topN_component_alignment_sweep/figs/gsm_mc__scope-global__ptype-separate__seed42__layer14__eps0.5__ambig__rejected__k1.png,separate
gsm_mc,global,True,42,14,0.5,ambig,separate,rejected,1,top5_by_explained_variance,"0,1,2,3,4",-0.04649810248138003,200,0.2400883436203003,0.2553943395614624,0.12109386920928955,0.3458748161792755,results/outputs/global_verify_components/pca/pca_global_train_seed42_layer14_eps0.5_k10_ambig_separate_rejected_n800.pt,results/analysis/global_topN_component_alignment_sweep/figs/gsm_mc__scope-global__ptype-separate__seed42__layer14__eps0.5__ambig__rejected__k1.png,separate
gsm_mc,global,True,42,14,0.5,ambig,separate,rejected,1,top5_by_explained_variance,"0,1,2,3,4",-0.10365984594410806,200,0.07697471231222153,0.0659942552447319,0.0320393331348896,0.11716975271701813,results/outputs/global_verify_components/pca/pca_global_train_seed42_layer14_eps0.5_k10_ambig_separate_rejected_n950.pt,results/analysis/global_topN_component_alignment_sweep/figs/gsm_mc__scope-global__ptype-separate__seed42__layer14__eps0.5__ambig__rejected__k1.png,separate
gsm_mc,global,True,42,14,0.5,ambig,separate,chosen,2,top5_by_explained_variance,"0,1,2,3,4",0.13396736279308463,200,0.14065706729888916,0.13122479617595673,0.05854015052318573,0.19732625782489777,results/outputs/global_verify_components/pca/pca_global_train_seed42_layer14_eps0.5_k10_ambig_separate_chosen_n400.pt,results/analysis/global_topN_component_alignment_sweep/figs/gsm_mc__scope-global__ptype-separate__seed42__layer14__eps0.5__ambig__chosen__k2.png,separate
gsm_mc,global,True,42,14,0.5,ambig,separate,chosen,2,top5_by_explained_variance,"0,1,2,3,4",0.25292589231094204,200,0.15992361307144165,0.14663735032081604,0.05730580538511276,0.23859849572181702,results/outputs/global_verify_components/pca/pca_global_train_seed42_layer14_eps0.5_k10_ambig_separate_chosen_n600.pt,results/analysis/global_topN_component_alignment_sweep/figs/gsm_mc__scope-global__ptype-separate__seed42__layer14__eps0.5__ambig__chosen__k2.png,separate
gsm_mc,global,True,42,14,0.5,ambig,separate,chosen,2,top5_by_explained_variance,"0,1,2,3,4",-0.3825813387791998,200,0.11723017692565918,0.10619628429412842,0.04352343827486038,0.17567934095859528,results/outputs/global_verify_components/pca/pca_global_train_seed42_layer14_eps0.5_k10_ambig_separate_chosen_n800.pt,results/analysis/global_topN_component_alignment_sweep/figs/gsm_mc__scope-global__ptype-separate__seed42__layer14__eps0.5__ambig__chosen__k2.png,separate
gsm_mc,global,True,42,14,0.5,ambig,separate,chosen,2,top5_by_explained_variance,"0,1,2,3,4",-0.004898545391591022,200,0.17552775144577026,0.17016816139221191,0.09571686387062073,0.24779793620109558,results/outputs/global_verify_components/pca/pca_global_train_seed42_layer14_eps0.5_k10_ambig_separate_chosen_n950.pt,results/analysis/global_topN_component_alignment_sweep/figs/gsm_mc__scope-global__ptype-separate__seed42__layer14__eps0.5__ambig__chosen__k2.png,separate
gsm_mc,global,True,42,14,0.5,ambig,separate,rejected,2,top5_by_explained_variance,"0,1,2,3,4",-0.3871149548114681,200,0.1370585411787033,0.1283489167690277,0.0762183740735054,0.1974196583032608,results/outputs/global_verify_components/pca/pca_global_train_seed42_layer14_eps0.5_k10_ambig_separate_rejected_n400.pt,results/analysis/global_topN_component_alignment_sweep/figs/gsm_mc__scope-global__ptype-separate__seed42__layer14__eps0.5__ambig__rejected__k2.png,separate
gsm_mc,global,True,42,14,0.5,ambig,separate,rejected,2,top5_by_explained_variance,"0,1,2,3,4",-0.45075488797618124,200,0.09723134338855743,0.07820560038089752,0.03589572384953499,0.13198870420455933,results/outputs/global_verify_components/pca/pca_global_train_seed42_layer14_eps0.5_k10_ambig_separate_rejected_n600.pt,results/analysis/global_topN_component_alignment_sweep/figs/gsm_mc__scope-global__ptype-separate__seed42__layer14__eps0.5__ambig__rejected__k2.png,separate
gsm_mc,global,True,42,14,0.5,ambig,separate,rejected,2,top5_by_explained_variance,"0,1,2,3,4",-0.4590731628666736,200,0.22827419638633728,0.24095119535923004,0.1869746595621109,0.28282058238983154,results/outputs/global_verify_components/pca/pca_global_train_seed42_layer14_eps0.5_k10_ambig_separate_rejected_n800.pt,results/analysis/global_topN_component_alignment_sweep/figs/gsm_mc__scope-global__ptype-separate__seed42__layer14__eps0.5__ambig__rejected__k2.png,separate
gsm_mc,global,True,42,14,0.5,ambig,separate,rejected,2,top5_by_explained_variance,"0,1,2,3,4",0.11122316747892401,200,0.16637954115867615,0.13301515579223633,0.05822431296110153,0.27493172883987427,results/outputs/global_verify_components/pca/pca_global_train_seed42_layer14_eps0.5_k10_ambig_separate_rejected_n950.pt,results/analysis/global_topN_component_alignment_sweep/figs/gsm_mc__scope-global__ptype-separate__seed42__layer14__eps0.5__ambig__rejected__k2.png,separate
gsm_mc,global,True,42,14,0.5,ambig,separate,chosen,3,top5_by_explained_variance,"0,1,2,3,4",-0.3913975477117658,200,0.07942207157611847,0.06945709139108658,0.031096480786800385,0.11610773205757141,results/outputs/global_verify_components/pca/pca_global_train_seed42_layer14_eps0.5_k10_ambig_separate_chosen_n400.pt,results/analysis/global_topN_component_alignment_sweep/figs/gsm_mc__scope-global__ptype-separate__seed42__layer14__eps0.5__ambig__chosen__k3.png,separate
gsm_mc,global,True,42,14,0.5,ambig,separate,chosen,3,top5_by_explained_variance,"0,1,2,3,4",0.08073657383843841,200,0.10497120022773743,0.10210737586021423,0.0730072408914566,0.13704119622707367,results/outputs/global_verify_components/pca/pca_global_train_seed42_layer14_eps0.5_k10_ambig_separate_chosen_n600.pt,results/analysis/global_topN_component_alignment_sweep/figs/gsm_mc__scope-global__ptype-separate__seed42__layer14__eps0.5__ambig__chosen__k3.png,separate
gsm_mc,global,True,42,14,0.5,ambig,separate,chosen,3,top5_by_explained_variance,"0,1,2,3,4",0.08071293893788281,200,0.25402992963790894,0.2601081430912018,0.19812951982021332,0.3242209553718567,results/outputs/global_verify_components/pca/pca_global_train_seed42_layer14_eps0.5_k10_ambig_separate_chosen_n800.pt,results/analysis/global_topN_component_alignment_sweep/figs/gsm_mc__scope-global__ptype-separate__seed42__layer14__eps0.5__ambig__chosen__k3.png,separate
gsm_mc,global,True,42,14,0.5,ambig,separate,chosen,3,top5_by_explained_variance,"0,1,2,3,4",0.397973879136149,200,0.2176869511604309,0.22090916335582733,0.1805196851491928,0.2555023431777954,results/outputs/global_verify_components/pca/pca_global_train_seed42_layer14_eps0.5_k10_ambig_separate_chosen_n950.pt,results/analysis/global_topN_component_alignment_sweep/figs/gsm_mc__scope-global__ptype-separate__seed42__layer14__eps0.5__ambig__chosen__k3.png,separate
gsm_mc,global,True,42,14,0.5,ambig,separate,rejected,3,top5_by_explained_variance,"0,1,2,3,4",-0.4307958359617095,200,0.0715416893362999,0.05694163590669632,0.027867775410413742,0.10814408957958221,results/outputs/global_verify_components/pca/pca_global_train_seed42_layer14_eps0.5_k10_ambig_separate_rejected_n400.pt,results/analysis/global_topN_component_alignment_sweep/figs/gsm_mc__scope-global__ptype-separate__seed42__layer14__eps0.5__ambig__rejected__k3.png,separate
gsm_mc,global,True,42,14,0.5,ambig,separate,rejected,3,top5_by_explained_variance,"0,1,2,3,4",0.24570366379138145,200,0.34691086411476135,0.3380243182182312,0.26982390880584717,0.4395838975906372,results/outputs/global_verify_components/pca/pca_global_train_seed42_layer14_eps0.5_k10_ambig_separate_rejected_n600.pt,results/analysis/global_topN_component_alignment_sweep/figs/gsm_mc__scope-global__ptype-separate__seed42__layer14__eps0.5__ambig__rejected__k3.png,separate
gsm_mc,global,True,42,14,0.5,ambig,separate,rejected,3,top5_by_explained_variance,"0,1,2,3,4",0.30713254317244676,200,0.31560516357421875,0.32212191820144653,0.2663876414299011,0.369487464427948,results/outputs/global_verify_components/pca/pca_global_train_seed42_layer14_eps0.5_k10_ambig_separate_rejected_n800.pt,results/analysis/global_topN_component_alignment_sweep/figs/gsm_mc__scope-global__ptype-separate__seed42__layer14__eps0.5__ambig__rejected__k3.png,separate
gsm_mc,global,True,42,14,0.5,ambig,separate,rejected,3,top5_by_explained_variance,"0,1,2,3,4",-0.4296473652408704,200,0.09806480258703232,0.08879733830690384,0.041968934237957,0.13837721943855286,results/outputs/global_verify_components/pca/pca_global_train_seed42_layer14_eps0.5_k10_ambig_separate_rejected_n950.pt,results/analysis/global_topN_component_alignment_sweep/figs/gsm_mc__scope-global__ptype-separate__seed42__layer14__eps0.5__ambig__rejected__k3.png,separate
gsm_mc,global,True,42,14,0.5,ambig,separate,chosen,4,top5_by_explained_variance,"0,1,2,3,4",-0.07310777180142972,200,0.053459178656339645,0.04767679423093796,0.023722561076283455,0.07935912907123566,results/outputs/global_verify_components/pca/pca_global_train_seed42_layer14_eps0.5_k10_ambig_separate_chosen_n400.pt,results/analysis/global_topN_component_alignment_sweep/figs/gsm_mc__scope-global__ptype-separate__seed42__layer14__eps0.5__ambig__chosen__k4.png,separate
gsm_mc,global,True,42,14,0.5,ambig,separate,chosen,4,top5_by_explained_variance,"0,1,2,3,4",0.33945559791486907,200,0.16206210851669312,0.16186988353729248,0.11412803828716278,0.20600447058677673,results/outputs/global_verify_components/pca/pca_global_train_seed42_layer14_eps0.5_k10_ambig_separate_chosen_n600.pt,results/analysis/global_topN_component_alignment_sweep/figs/gsm_mc__scope-global__ptype-separate__seed42__layer14__eps0.5__ambig__chosen__k4.png,separate
gsm_mc,global,True,42,14,0.5,ambig,separate,chosen,4,top5_by_explained_variance,"0,1,2,3,4",0.22269411091393845,200,0.1876964569091797,0.18788114190101624,0.15129020810127258,0.22736164927482605,results/outputs/global_verify_components/pca/pca_global_train_seed42_layer14_eps0.5_k10_ambig_separate_chosen_n800.pt,results/analysis/global_topN_component_alignment_sweep/figs/gsm_mc__scope-global__ptype-separate__seed42__layer14__eps0.5__ambig__chosen__k4.png,separate
gsm_mc,global,True,42,14,0.5,ambig,separate,chosen,4,top5_by_explained_variance,"0,1,2,3,4",0.3370024862773399,200,0.08713702857494354,0.07727231085300446,0.03999314084649086,0.11741824448108673,results/outputs/global_verify_components/pca/pca_global_train_seed42_layer14_eps0.5_k10_ambig_separate_chosen_n950.pt,results/analysis/global_topN_component_alignment_sweep/figs/gsm_mc__scope-global__ptype-separate__seed42__layer14__eps0.5__ambig__chosen__k4.png,separate
gsm_mc,global,True,42,14,0.5,ambig,separate,rejected,4,top5_by_explained_variance,"0,1,2,3,4",-0.2464414817607687,200,0.20596103370189667,0.2083219736814499,0.16671542823314667,0.26101022958755493,results/outputs/global_verify_components/pca/pca_global_train_seed42_layer14_eps0.5_k10_ambig_separate_rejected_n400.pt,results/analysis/global_topN_component_alignment_sweep/figs/gsm_mc__scope-global__ptype-separate__seed42__layer14__eps0.5__ambig__rejected__k4.png,separate
gsm_mc,global,True,42,14,0.5,ambig,separate,rejected,4,top5_by_explained_variance,"0,1,2,3,4",0.03670048490322984,200,0.09704697877168655,0.0850532129406929,0.042370084673166275,0.14115788042545319,results/outputs/global_verify_components/pca/pca_global_train_seed42_layer14_eps0.5_k10_ambig_separate_rejected_n600.pt,results/analysis/global_topN_component_alignment_sweep/figs/gsm_mc__scope-global__ptype-separate__seed42__layer14__eps0.5__ambig__rejected__k4.png,separate
gsm_mc,global,True,42,14,0.5,ambig,separate,rejected,4,top5_by_explained_variance,"0,1,2,3,4",-0.1215447768473874,200,0.09825684875249863,0.07876721024513245,0.036144644021987915,0.14742594957351685,results/outputs/global_verify_components/pca/pca_global_train_seed42_layer14_eps0.5_k10_ambig_separate_rejected_n800.pt,results/analysis/global_topN_component_alignment_sweep/figs/gsm_mc__scope-global__ptype-separate__seed42__layer14__eps0.5__ambig__rejected__k4.png,separate
gsm_mc,global,True,42,14,0.5,ambig,separate,rejected,4,top5_by_explained_variance,"0,1,2,3,4",-0.03351767772359492,200,0.28420698642730713,0.29458165168762207,0.24136364459991455,0.3409956097602844,results/outputs/global_verify_components/pca/pca_global_train_seed42_layer14_eps0.5_k10_ambig_separate_rejected_n950.pt,results/analysis/global_topN_component_alignment_sweep/figs/gsm_mc__scope-global__ptype-separate__seed42__layer14__eps0.5__ambig__rejected__k4.png,separate
gsm_mc,global,True,42,14,0.5,ambig,shared_flip,chosen,0,top5_by_explained_variance,"0,1,2,3,4",0.03407536733179603,200,0.34780776500701904,0.3624110221862793,0.3159700632095337,0.39004918932914734,results/outputs/global_verify_components/pca/pca_global_train_seed42_layer14_eps0.5_k10_ambig_shared_flip_chosen_n400.pt,results/analysis/global_topN_component_alignment_sweep/figs/gsm_mc__scope-global__ptype-shared_flip__seed42__layer14__eps0.5__ambig__chosen__k0.png,shared_flip
gsm_mc,global,True,42,14,0.5,ambig,shared_flip,chosen,0,top5_by_explained_variance,"0,1,2,3,4",-0.04409034898401685,200,0.29506543278694153,0.30429965257644653,0.2629948854446411,0.3360612094402313,results/outputs/global_verify_components/pca/pca_global_train_seed42_layer14_eps0.5_k10_ambig_shared_flip_chosen_n600.pt,results/analysis/global_topN_component_alignment_sweep/figs/gsm_mc__scope-global__ptype-shared_flip__seed42__layer14__eps0.5__ambig__chosen__k0.png,shared_flip
gsm_mc,global,True,42,14,0.5,ambig,shared_flip,chosen,0,top5_by_explained_variance,"0,1,2,3,4",-0.07172022598036273,200,0.3047846853733063,0.3134862184524536,0.2726583778858185,0.3469029664993286,results/outputs/global_verify_components/pca/pca_global_train_seed42_layer14_eps0.5_k10_ambig_shared_flip_chosen_n800.pt,results/analysis/global_topN_component_alignment_sweep/figs/gsm_mc__scope-global__ptype-shared_flip__seed42__layer14__eps0.5__ambig__chosen__k0.png,shared_flip
gsm_mc,global,True,42,14,0.5,ambig,shared_flip,chosen,0,top5_by_explained_variance,"0,1,2,3,4",-0.033946993762119355,200,0.43695518374443054,0.4476197361946106,0.39996081590652466,0.48515984416007996,results/outputs/global_verify_components/pca/pca_global_train_seed42_layer14_eps0.5_k10_ambig_shared_flip_chosen_n950.pt,results/analysis/global_topN_component_alignment_sweep/figs/gsm_mc__scope-global__ptype-shared_flip__seed42__layer14__eps0.5__ambig__chosen__k0.png,shared_flip
gsm_mc,global,True,42,14,0.5,ambig,shared_flip,rejected,0,top5_by_explained_variance,"0,1,2,3,4",0.13340495989681925,200,0.26280105113983154,0.2692461609840393,0.22604581713676453,0.31374284625053406,results/outputs/global_verify_components/pca/pca_global_train_seed42_layer14_eps0.5_k10_ambig_shared_flip_rejected_n400.pt,results/analysis/global_topN_component_alignment_sweep/figs/gsm_mc__scope-global__ptype-shared_flip__seed42__layer14__eps0.5__ambig__rejected__k0.png,shared_flip
gsm_mc,global,True,42,14,0.5,ambig,shared_flip,rejected,0,top5_by_explained_variance,"0,1,2,3,4",0.03168115597327344,200,0.16061176359653473,0.1666237711906433,0.11888469755649567,0.20517756044864655,results/outputs/global_verify_components/pca/pca_global_train_seed42_layer14_eps0.5_k10_ambig_shared_flip_rejected_n600.pt,results/analysis/global_topN_component_alignment_sweep/figs/gsm_mc__scope-global__ptype-shared_flip__seed42__layer14__eps0.5__ambig__rejected__k0.png,shared_flip
gsm_mc,global,True,42,14,0.5,ambig,shared_flip,rejected,0,top5_by_explained_variance,"0,1,2,3,4",-0.017390637298837545,200,0.1896790862083435,0.19115665555000305,0.14314298331737518,0.236697718501091,results/outputs/global_verify_components/pca/pca_global_train_seed42_layer14_eps0.5_k10_ambig_shared_flip_rejected_n800.pt,results/analysis/global_topN_component_alignment_sweep/figs/gsm_mc__scope-global__ptype-shared_flip__seed42__layer14__eps0.5__ambig__rejected__k0.png,shared_flip
gsm_mc,global,True,42,14,0.5,ambig,shared_flip,rejected,0,top5_by_explained_variance,"0,1,2,3,4",-0.17389030150943127,200,0.43293797969818115,0.45133069157600403,0.3825525939464569,0.4907305836677551,results/outputs/global_verify_components/pca/pca_global_train_seed42_layer14_eps0.5_k10_ambig_shared_flip_rejected_n950.pt,results/analysis/global_topN_component_alignment_sweep/figs/gsm_mc__scope-global__ptype-shared_flip__seed42__layer14__eps0.5__ambig__rejected__k0.png,shared_flip
gsm_mc,global,True,42,14,0.5,ambig,shared_flip,chosen,1,top5_by_explained_variance,"0,1,2,3,4",0.09629435102926012,200,0.14555241167545319,0.1351492702960968,0.05923248082399368,0.21649295091629028,results/outputs/global_verify_components/pca/pca_global_train_seed42_layer14_eps0.5_k10_ambig_shared_flip_chosen_n400.pt,results/analysis/global_topN_component_alignment_sweep/figs/gsm_mc__scope-global__ptype-shared_flip__seed42__layer14__eps0.5__ambig__chosen__k1.png,shared_flip
gsm_mc,global,True,42,14,0.5,ambig,shared_flip,chosen,1,top5_by_explained_variance,"0,1,2,3,4",0.13600425737235877,200,0.21026688814163208,0.19697901606559753,0.11647573113441467,0.3030949532985687,results/outputs/global_verify_components/pca/pca_global_train_seed42_layer14_eps0.5_k10_ambig_shared_flip_chosen_n600.pt,results/analysis/global_topN_component_alignment_sweep/figs/gsm_mc__scope-global__ptype-shared_flip__seed42__layer14__eps0.5__ambig__chosen__k1.png,shared_flip
gsm_mc,global,True,42,14,0.5,ambig,shared_flip,chosen,1,top5_by_explained_variance,"0,1,2,3,4",0.12080511077743261,200,0.10588876903057098,0.08708290755748749,0.045442257076501846,0.15329425036907196,results/outputs/global_verify_components/pca/pca_global_train_seed42_layer14_eps0.5_k10_ambig_shared_flip_chosen_n800.pt,results/analysis/global_topN_component_alignment_sweep/figs/gsm_mc__scope-global__ptype-shared_flip__seed42__layer14__eps0.5__ambig__chosen__k1.png,shared_flip
gsm_mc,global,True,42,14,0.5,ambig,shared_flip,chosen,1,top5_by_explained_variance,"0,1,2,3,4",-0.12261211464918084,200,0.09836360812187195,0.09858086705207825,0.0618709996342659,0.13046975433826447,results/outputs/global_verify_components/pca/pca_global_train_seed42_layer14_eps0.5_k10_ambig_shared_flip_chosen_n950.pt,results/analysis/global_topN_component_alignment_sweep/figs/gsm_mc__scope-global__ptype-shared_flip__seed42__layer14__eps0.5__ambig__chosen__k1.png,shared_flip
gsm_mc,global,True,42,14,0.5,ambig,shared_flip,rejected,1,top5_by_explained_variance,"0,1,2,3,4",0.07086305422837287,200,0.16552524268627167,0.1646539270877838,0.0829193964600563,0.24096322059631348,results/outputs/global_verify_components/pca/pca_global_train_seed42_layer14_eps0.5_k10_ambig_shared_flip_rejected_n400.pt,results/analysis/global_topN_component_alignment_sweep/figs/gsm_mc__scope-global__ptype-shared_flip__seed42__layer14__eps0.5__ambig__rejected__k1.png,shared_flip
gsm_mc,global,True,42,14,0.5,ambig,shared_flip,rejected,1,top5_by_explained_variance,"0,1,2,3,4",0.03365012254710213,200,0.30611494183540344,0.3322893977165222,0.18282225728034973,0.4347812533378601,results/outputs/global_verify_components/pca/pca_global_train_seed42_layer14_eps0.5_k10_ambig_shared_flip_rejected_n600.pt,results/analysis/global_topN_component_alignment_sweep/figs/gsm_mc__scope-global__ptype-shared_flip__seed42__layer14__eps0.5__ambig__rejected__k1.png,shared_flip
gsm_mc,global,True,42,14,0.5,ambig,shared_flip,rejected,1,top5_by_explained_variance,"0,1,2,3,4",-0.01637747539368419,200,0.15537689626216888,0.1510026603937149,0.07674162089824677,0.22366975247859955,results/outputs/global_verify_components/pca/pca_global_train_seed42_layer14_eps0.5_k10_ambig_shared_flip_rejected_n800.pt,results/analysis/global_topN_component_alignment_sweep/figs/gsm_mc__scope-global__ptype-shared_flip__seed42__layer14__eps0.5__ambig__rejected__k1.png,shared_flip
gsm_mc,global,True,42,14,0.5,ambig,shared_flip,rejected,1,top5_by_explained_variance,"0,1,2,3,4",0.08039531618562398,200,0.06959168612957001,0.05936950445175171,0.023269405588507652,0.10716255009174347,results/outputs/global_verify_components/pca/pca_global_train_seed42_layer14_eps0.5_k10_ambig_shared_flip_rejected_n950.pt,results/analysis/global_topN_component_alignment_sweep/figs/gsm_mc__scope-global__ptype-shared_flip__seed42__layer14__eps0.5__ambig__rejected__k1.png,shared_flip
gsm_mc,global,True,42,14,0.5,ambig,shared_flip,chosen,2,top5_by_explained_variance,"0,1,2,3,4",0.1396561871085043,200,0.10277067124843597,0.09628079831600189,0.04081279784440994,0.15154525637626648,results/outputs/global_verify_components/pca/pca_global_train_seed42_layer14_eps0.5_k10_ambig_shared_flip_chosen_n400.pt,results/analysis/global_topN_component_alignment_sweep/figs/gsm_mc__scope-global__ptype-shared_flip__seed42__layer14__eps0.5__ambig__chosen__k2.png,shared_flip
gsm_mc,global,True,42,14,0.5,ambig,shared_flip,chosen,2,top5_by_explained_variance,"0,1,2,3,4",-0.190127117497172,200,0.15575890243053436,0.1452123075723648,0.08265281468629837,0.22175706923007965,results/outputs/global_verify_components/pca/pca_global_train_seed42_layer14_eps0.5_k10_ambig_shared_flip_chosen_n600.pt,results/analysis/global_topN_component_alignment_sweep/figs/gsm_mc__scope-global__ptype-shared_flip__seed42__layer14__eps0.5__ambig__chosen__k2.png,shared_flip
gsm_mc,global,True,42,14,0.5,ambig,shared_flip,chosen,2,top5_by_explained_variance,"0,1,2,3,4",0.21984327906728005,200,0.08776886016130447,0.0710771381855011,0.0396379679441452,0.1228742003440857,results/outputs/global_verify_components/pca/pca_global_train_seed42_layer14_eps0.5_k10_ambig_shared_flip_chosen_n800.pt,results/analysis/global_topN_component_alignment_sweep/figs/gsm_mc__scope-global__ptype-shared_flip__seed42__layer14__eps0.5__ambig__chosen__k2.png,shared_flip
gsm_mc,global,True,42,14,0.5,ambig,shared_flip,chosen,2,top5_by_explained_variance,"0,1,2,3,4",0.09096132793839755,200,0.14796634018421173,0.13213299214839935,0.06208135932683945,0.2146163135766983,results/outputs/global_verify_components/pca/pca_global_train_seed42_layer14_eps0.5_k10_ambig_shared_flip_chosen_n950.pt,results/analysis/global_topN_component_alignment_sweep/figs/gsm_mc__scope-global__ptype-shared_flip__seed42__layer14__eps0.5__ambig__chosen__k2.png,shared_flip
gsm_mc,global,True,42,14,0.5,ambig,shared_flip,rejected,2,top5_by_explained_variance,"0,1,2,3,4",-0.37274230859101876,200,0.11000340431928635,0.0806083157658577,0.03258070349693298,0.17524483799934387,results/outputs/global_verify_components/pca/pca_global_train_seed42_layer14_eps0.5_k10_ambig_shared_flip_rejected_n400.pt,results/analysis/global_topN_component_alignment_sweep/figs/gsm_mc__scope-global__ptype-shared_flip__seed42__layer14__eps0.5__ambig__rejected__k2.png,shared_flip
gsm_mc,global,True,42,14,0.5,ambig,shared_flip,rejected,2,top5_by_explained_variance,"0,1,2,3,4",-0.46586869474479675,200,0.11528084427118301,0.10284681618213654,0.05066028609871864,0.1602390557527542,results/outputs/global_verify_components/pca/pca_global_train_seed42_layer14_eps0.5_k10_ambig_shared_flip_rejected_n600.pt,results/analysis/global_topN_component_alignment_sweep/figs/gsm_mc__scope-global__ptype-shared_flip__seed42__layer14__eps0.5__ambig__rejected__k2.png,shared_flip
gsm_mc,global,True,42,14,0.5,ambig,shared_flip,rejected,2,top5_by_explained_variance,"0,1,2,3,4",-0.47041924184961414,200,0.15847310423851013,0.14955833554267883,0.0809708908200264,0.2345065176486969,results/outputs/global_verify_components/pca/pca_global_train_seed42_layer14_eps0.5_k10_ambig_shared_flip_rejected_n800.pt,results/analysis/global_topN_component_alignment_sweep/figs/gsm_mc__scope-global__ptype-shared_flip__seed42__layer14__eps0.5__ambig__rejected__k2.png,shared_flip
gsm_mc,global,True,42,14,0.5,ambig,shared_flip,rejected,2,top5_by_explained_variance,"0,1,2,3,4",-0.04309807390301171,200,0.22325009107589722,0.2086872011423111,0.13053292036056519,0.32035234570503235,results/outputs/global_verify_components/pca/pca_global_train_seed42_layer14_eps0.5_k10_ambig_shared_flip_rejected_n950.pt,results/analysis/global_topN_component_alignment_sweep/figs/gsm_mc__scope-global__ptype-shared_flip__seed42__layer14__eps0.5__ambig__rejected__k2.png,shared_flip
gsm_mc,global,True,42,14,0.5,ambig,shared_flip,chosen,3,top5_by_explained_variance,"0,1,2,3,4",0.17725368104059913,200,0.11715579032897949,0.09690746665000916,0.05249739810824394,0.14487332105636597,results/outputs/global_verify_components/pca/pca_global_train_seed42_layer14_eps0.5_k10_ambig_shared_flip_chosen_n400.pt,results/analysis/global_topN_component_alignment_sweep/figs/gsm_mc__scope-global__ptype-shared_flip__seed42__layer14__eps0.5__ambig__chosen__k3.png,shared_flip
gsm_mc,global,True,42,14,0.5,ambig,shared_flip,chosen,3,top5_by_explained_variance,"0,1,2,3,4",0.14902555013499152,200,0.09084272384643555,0.05810648202896118,0.02751268446445465,0.1027279645204544,results/outputs/global_verify_components/pca/pca_global_train_seed42_layer14_eps0.5_k10_ambig_shared_flip_chosen_n600.pt,results/analysis/global_topN_component_alignment_sweep/figs/gsm_mc__scope-global__ptype-shared_flip__seed42__layer14__eps0.5__ambig__chosen__k3.png,shared_flip
gsm_mc,global,True,42,14,0.5,ambig,shared_flip,chosen,3,top5_by_explained_variance,"0,1,2,3,4",0.18194544746115135,200,0.25942155718803406,0.28060927987098694,0.1903064101934433,0.3358749747276306,results/outputs/global_verify_components/pca/pca_global_train_seed42_layer14_eps0.5_k10_ambig_shared_flip_chosen_n800.pt,results/analysis/global_topN_component_alignment_sweep/figs/gsm_mc__scope-global__ptype-shared_flip__seed42__layer14__eps0.5__ambig__chosen__k3.png,shared_flip
gsm_mc,global,True,42,14,0.5,ambig,shared_flip,chosen,3,top5_by_explained_variance,"0,1,2,3,4",0.2897711328843577,200,0.11288393288850784,0.10572804510593414,0.06041745841503143,0.15230527520179749,results/outputs/global_verify_components/pca/pca_global_train_seed42_layer14_eps0.5_k10_ambig_shared_flip_chosen_n950.pt,results/analysis/global_topN_component_alignment_sweep/figs/gsm_mc__scope-global__ptype-shared_flip__seed42__layer14__eps0.5__ambig__chosen__k3.png,shared_flip
gsm_mc,global,True,42,14,0.5,ambig,shared_flip,rejected,3,top5_by_explained_variance,"0,1,2,3,4",0.10472400122051223,200,0.11268865317106247,0.09762393683195114,0.05711299180984497,0.16250638663768768,results/outputs/global_verify_components/pca/pca_global_train_seed42_layer14_eps0.5_k10_ambig_shared_flip_rejected_n400.pt,results/analysis/global_topN_component_alignment_sweep/figs/gsm_mc__scope-global__ptype-shared_flip__seed42__layer14__eps0.5__ambig__rejected__k3.png,shared_flip
gsm_mc,global,True,42,14,0.5,ambig,shared_flip,rejected,3,top5_by_explained_variance,"0,1,2,3,4",-0.10852087331659149,200,0.2634865939617157,0.2421286702156067,0.17753469944000244,0.34842655062675476,results/outputs/global_verify_components/pca/pca_global_train_seed42_layer14_eps0.5_k10_ambig_shared_flip_rejected_n600.pt,results/analysis/global_topN_component_alignment_sweep/figs/gsm_mc__scope-global__ptype-shared_flip__seed42__layer14__eps0.5__ambig__rejected__k3.png,shared_flip
gsm_mc,global,True,42,14,0.5,ambig,shared_flip,rejected,3,top5_by_explained_variance,"0,1,2,3,4",0.23347626600325108,200,0.37722066044807434,0.40374308824539185,0.3067554831504822,0.4504551887512207,results/outputs/global_verify_components/pca/pca_global_train_seed42_layer14_eps0.5_k10_ambig_shared_flip_rejected_n800.pt,results/analysis/global_topN_component_alignment_sweep/figs/gsm_mc__scope-global__ptype-shared_flip__seed42__layer14__eps0.5__ambig__rejected__k3.png,shared_flip
gsm_mc,global,True,42,14,0.5,ambig,shared_flip,rejected,3,top5_by_explained_variance,"0,1,2,3,4",-0.46585767720662624,200,0.15066373348236084,0.14774879813194275,0.05477144569158554,0.22083815932273865,results/outputs/global_verify_components/pca/pca_global_train_seed42_layer14_eps0.5_k10_ambig_shared_flip_rejected_n950.pt,results/analysis/global_topN_component_alignment_sweep/figs/gsm_mc__scope-global__ptype-shared_flip__seed42__layer14__eps0.5__ambig__rejected__k3.png,shared_flip
gsm_mc,global,True,42,14,0.5,ambig,shared_flip,chosen,4,top5_by_explained_variance,"0,1,2,3,4",0.23922539164784018,200,0.11542084068059921,0.11852455139160156,0.056935131549835205,0.1666472852230072,results/outputs/global_verify_components/pca/pca_global_train_seed42_layer14_eps0.5_k10_ambig_shared_flip_chosen_n400.pt,results/analysis/global_topN_component_alignment_sweep/figs/gsm_mc__scope-global__ptype-shared_flip__seed42__layer14__eps0.5__ambig__chosen__k4.png,shared_flip
gsm_mc,global,True,42,14,0.5,ambig,shared_flip,chosen,4,top5_by_explained_variance,"0,1,2,3,4",0.12921612449910735,200,0.15084026753902435,0.1520380973815918,0.09071961790323257,0.20470377802848816,results/outputs/global_verify_components/pca/pca_global_train_seed42_layer14_eps0.5_k10_ambig_shared_flip_chosen_n600.pt,results/analysis/global_topN_component_alignment_sweep/figs/gsm_mc__scope-global__ptype-shared_flip__seed42__layer14__eps0.5__ambig__chosen__k4.png,shared_flip
gsm_mc,global,True,42,14,0.5,ambig,shared_flip,chosen,4,top5_by_explained_variance,"0,1,2,3,4",0.07919841227572019,200,0.1134149357676506,0.07354497164487839,0.038316257297992706,0.12283625453710556,results/outputs/global_verify_components/pca/pca_global_train_seed42_layer14_eps0.5_k10_ambig_shared_flip_chosen_n800.pt,results/analysis/global_topN_component_alignment_sweep/figs/gsm_mc__scope-global__ptype-shared_flip__seed42__layer14__eps0.5__ambig__chosen__k4.png,shared_flip
gsm_mc,global,True,42,14,0.5,ambig,shared_flip,chosen,4,top5_by_explained_variance,"0,1,2,3,4",-0.13358089653737285,200,0.22992528975009918,0.24592918157577515,0.14915864169597626,0.3151874542236328,results/outputs/global_verify_components/pca/pca_global_train_seed42_layer14_eps0.5_k10_ambig_shared_flip_chosen_n950.pt,results/analysis/global_topN_component_alignment_sweep/figs/gsm_mc__scope-global__ptype-shared_flip__seed42__layer14__eps0.5__ambig__chosen__k4.png,shared_flip
gsm_mc,global,True,42,14,0.5,ambig,shared_flip,rejected,4,top5_by_explained_variance,"0,1,2,3,4",-0.437557470071909,200,0.07701992988586426,0.07002702355384827,0.03243067115545273,0.1074863076210022,results/outputs/global_verify_components/pca/pca_global_train_seed42_layer14_eps0.5_k10_ambig_shared_flip_rejected_n400.pt,results/analysis/global_topN_component_alignment_sweep/figs/gsm_mc__scope-global__ptype-shared_flip__seed42__layer14__eps0.5__ambig__rejected__k4.png,shared_flip
gsm_mc,global,True,42,14,0.5,ambig,shared_flip,rejected,4,top5_by_explained_variance,"0,1,2,3,4",-0.08932862817666573,200,0.2086837738752365,0.22441840171813965,0.13453276455402374,0.2830263376235962,results/outputs/global_verify_components/pca/pca_global_train_seed42_layer14_eps0.5_k10_ambig_shared_flip_rejected_n600.pt,results/analysis/global_topN_component_alignment_sweep/figs/gsm_mc__scope-global__ptype-shared_flip__seed42__layer14__eps0.5__ambig__rejected__k4.png,shared_flip
gsm_mc,global,True,42,14,0.5,ambig,shared_flip,rejected,4,top5_by_explained_variance,"0,1,2,3,4",-0.08625774356063716,200,0.12730605900287628,0.08471126109361649,0.044566888362169266,0.14728109538555145,results/outputs/global_verify_components/pca/pca_global_train_seed42_layer14_eps0.5_k10_ambig_shared_flip_rejected_n800.pt,results/analysis/global_topN_component_alignment_sweep/figs/gsm_mc__scope-global__ptype-shared_flip__seed42__layer14__eps0.5__ambig__rejected__k4.png,shared_flip
gsm_mc,global,True,42,14,0.5,ambig,shared_flip,rejected,4,top5_by_explained_variance,"0,1,2,3,4",0.04650576396168884,200,0.2638678252696991,0.2725986838340759,0.19598917663097382,0.35211068391799927,results/outputs/global_verify_components/pca/pca_global_train_seed42_layer14_eps0.5_k10_ambig_shared_flip_rejected_n950.pt,results/analysis/global_topN_component_alignment_sweep/figs/gsm_mc__scope-global__ptype-shared_flip__seed42__layer14__eps0.5__ambig__rejected__k4.png,shared_flip
gsm_mc,global,True,42,14,0.5,ambig,shared_noflip,chosen,0,top5_by_explained_variance,"0,1,2,3,4",0.8605833534700814,15,0.4339323341846466,0.25170135498046875,0.10927943885326385,0.8054842948913574,results/outputs/global_verify_components/pca/pca_global_train_seed42_layer14_eps0.5_k10_ambig_shared_noflip_chosen_n30.pt,results/analysis/global_topN_component_alignment_sweep/figs/gsm_mc__scope-global__ptype-shared_noflip__seed42__layer14__eps0.5__ambig__chosen__k0.png,shared_noflip
gsm_mc,global,True,42,14,0.5,ambig,shared_noflip,chosen,0,top5_by_explained_variance,"0,1,2,3,4",-0.6720513460608865,200,0.5178821086883545,0.6946321725845337,0.13683365285396576,0.7992289066314697,results/outputs/global_verify_components/pca/pca_global_train_seed42_layer14_eps0.5_k10_ambig_shared_noflip_chosen_n400.pt,results/analysis/global_topN_component_alignment_sweep/figs/gsm_mc__scope-global__ptype-shared_noflip__seed42__layer14__eps0.5__ambig__chosen__k0.png,shared_noflip
gsm_mc,global,True,42,14,0.5,ambig,shared_noflip,chosen,0,top5_by_explained_variance,"0,1,2,3,4",0.671829827259847,200,0.5158460736274719,0.6916700601577759,0.13916155695915222,0.8037149906158447,results/outputs/global_verify_components/pca/pca_global_train_seed42_layer14_eps0.5_k10_ambig_shared_noflip_chosen_n600.pt,results/analysis/global_topN_component_alignment_sweep/figs/gsm_mc__scope-global__ptype-shared_noflip__seed42__layer14__eps0.5__ambig__chosen__k0.png,shared_noflip
gsm_mc,global,True,42,14,0.5,ambig,shared_noflip,chosen,0,top5_by_explained_variance,"0,1,2,3,4",-0.6715138774565521,200,0.521797776222229,0.6959831118583679,0.14188894629478455,0.8082365393638611,results/outputs/global_verify_components/pca/pca_global_train_seed42_layer14_eps0.5_k10_ambig_shared_noflip_chosen_n800.pt,results/analysis/global_topN_component_alignment_sweep/figs/gsm_mc__scope-global__ptype-shared_noflip__seed42__layer14__eps0.5__ambig__chosen__k0.png,shared_noflip
gsm_mc,global,True,42,14,0.5,ambig,shared_noflip,chosen,0,top5_by_explained_variance,"0,1,2,3,4",-0.6684897626738681,200,0.5266987085342407,0.7080305814743042,0.1379605233669281,0.818902850151062,results/outputs/global_verify_components/pca/pca_global_train_seed42_layer14_eps0.5_k10_ambig_shared_noflip_chosen_n950.pt,results/analysis/global_topN_component_alignment_sweep/figs/gsm_mc__scope-global__ptype-shared_noflip__seed42__layer14__eps0.5__ambig__chosen__k0.png,shared_noflip
gsm_mc,global,True,42,14,0.5,ambig,shared_noflip,rejected,0,top5_by_explained_variance,"0,1,2,3,4",0.8604046783496309,15,0.4067816436290741,0.2656271755695343,0.12124110758304596,0.7246184349060059,results/outputs/global_verify_components/pca/pca_global_train_seed42_layer14_eps0.5_k10_ambig_shared_noflip_rejected_n30.pt,results/analysis/global_topN_component_alignment_sweep/figs/gsm_mc__scope-global__ptype-shared_noflip__seed42__layer14__eps0.5__ambig__rejected__k0.png,shared_noflip
gsm_mc,global,True,42,14,0.5,ambig,shared_noflip,rejected,0,top5_by_explained_variance,"0,1,2,3,4",-0.6594712896903765,200,0.5237311720848083,0.673287570476532,0.26103508472442627,0.7324849367141724,results/outputs/global_verify_components/pca/pca_global_train_seed42_layer14_eps0.5_k10_ambig_shared_noflip_rejected_n400.pt,results/analysis/global_topN_component_alignment_sweep/figs/gsm_mc__scope-global__ptype-shared_noflip__seed42__layer14__eps0.5__ambig__rejected__k0.png,shared_noflip
gsm_mc,global,True,42,14,0.5,ambig,shared_noflip,rejected,0,top5_by_explained_variance,"0,1,2,3,4",-0.6518756953084069,200,0.5413045287132263,0.6824045181274414,0.2783656716346741,0.7573907375335693,results/outputs/global_verify_components/pca/pca_global_train_seed42_layer14_eps0.5_k10_ambig_shared_noflip_rejected_n600.pt,results/analysis/global_topN_component_alignment_sweep/figs/gsm_mc__scope-global__ptype-shared_noflip__seed42__layer14__eps0.5__ambig__rejected__k0.png,shared_noflip
gsm_mc,global,True,42,14,0.5,ambig,shared_noflip,rejected,0,top5_by_explained_variance,"0,1,2,3,4",-0.6577904494043868,200,0.5422163605690002,0.6896551847457886,0.2733287811279297,0.7631247043609619,results/outputs/global_verify_components/pca/pca_global_train_seed42_layer14_eps0.5_k10_ambig_shared_noflip_rejected_n800.pt,results/analysis/global_topN_component_alignment_sweep/figs/gsm_mc__scope-global__ptype-shared_noflip__seed42__layer14__eps0.5__ambig__rejected__k0.png,shared_noflip
gsm_mc,global,True,42,14,0.5,ambig,shared_noflip,rejected,0,top5_by_explained_variance,"0,1,2,3,4",-0.6615358345588579,200,0.5480223298072815,0.7080086469650269,0.2516263723373413,0.784770667552948,results/outputs/global_verify_components/pca/pca_global_train_seed42_layer14_eps0.5_k10_ambig_shared_noflip_rejected_n950.pt,results/analysis/global_topN_component_alignment_sweep/figs/gsm_mc__scope-global__ptype-shared_noflip__seed42__layer14__eps0.5__ambig__rejected__k0.png,shared_noflip
gsm_mc,global,True,42,14,0.5,ambig,shared_noflip,chosen,1,top5_by_explained_variance,"0,1,2,3,4",-0.5005140910669725,15,0.16200163960456848,0.14245423674583435,0.033317238092422485,0.25634604692459106,results/outputs/global_verify_components/pca/pca_global_train_seed42_layer14_eps0.5_k10_ambig_shared_noflip_chosen_n30.pt,results/analysis/global_topN_component_alignment_sweep/figs/gsm_mc__scope-global__ptype-shared_noflip__seed42__layer14__eps0.5__ambig__chosen__k1.png,shared_noflip
gsm_mc,global,True,42,14,0.5,ambig,shared_noflip,chosen,1,top5_by_explained_variance,"0,1,2,3,4",-0.33677521314871256,200,0.1422828733921051,0.12241099774837494,0.06369882076978683,0.18900124728679657,results/outputs/global_verify_components/pca/pca_global_train_seed42_layer14_eps0.5_k10_ambig_shared_noflip_chosen_n400.pt,results/analysis/global_topN_component_alignment_sweep/figs/gsm_mc__scope-global__ptype-shared_noflip__seed42__layer14__eps0.5__ambig__chosen__k1.png,shared_noflip
gsm_mc,global,True,42,14,0.5,ambig,shared_noflip,chosen,1,top5_by_explained_variance,"0,1,2,3,4",-0.3969123517902857,200,0.19334685802459717,0.1882152259349823,0.1107267364859581,0.2548430263996124,results/outputs/global_verify_components/pca/pca_global_train_seed42_layer14_eps0.5_k10_ambig_shared_noflip_chosen_n600.pt,results/analysis/global_topN_component_alignment_sweep/figs/gsm_mc__scope-global__ptype-shared_noflip__seed42__layer14__eps0.5__ambig__chosen__k1.png,shared_noflip
gsm_mc,global,True,42,14,0.5,ambig,shared_noflip,chosen,1,top5_by_explained_variance,"0,1,2,3,4",-0.21638945945867025,200,0.16618996858596802,0.12539565563201904,0.05630384013056755,0.2626662254333496,results/outputs/global_verify_components/pca/pca_global_train_seed42_layer14_eps0.5_k10_ambig_shared_noflip_chosen_n800.pt,results/analysis/global_topN_component_alignment_sweep/figs/gsm_mc__scope-global__ptype-shared_noflip__seed42__layer14__eps0.5__ambig__chosen__k1.png,shared_noflip
gsm_mc,global,True,42,14,0.5,ambig,shared_noflip,chosen,1,top5_by_explained_variance,"0,1,2,3,4",-0.06920595620250922,200,0.13664042949676514,0.08903472125530243,0.042632825672626495,0.2100038081407547,results/outputs/global_verify_components/pca/pca_global_train_seed42_layer14_eps0.5_k10_ambig_shared_noflip_chosen_n950.pt,results/analysis/global_topN_component_alignment_sweep/figs/gsm_mc__scope-global__ptype-shared_noflip__seed42__layer14__eps0.5__ambig__chosen__k1.png,shared_noflip
gsm_mc,global,True,42,14,0.5,ambig,shared_noflip,rejected,1,top5_by_explained_variance,"0,1,2,3,4",0.619656956343248,15,0.2036416381597519,0.22492197155952454,0.0942235067486763,0.2816382050514221,results/outputs/global_verify_components/pca/pca_global_train_seed42_layer14_eps0.5_k10_ambig_shared_noflip_rejected_n30.pt,results/analysis/global_topN_component_alignment_sweep/figs/gsm_mc__scope-global__ptype-shared_noflip__seed42__layer14__eps0.5__ambig__rejected__k1.png,shared_noflip
gsm_mc,global,True,42,14,0.5,ambig,shared_noflip,rejected,1,top5_by_explained_variance,"0,1,2,3,4",-0.1640231943931759,200,0.1071619987487793,0.07562294602394104,0.03855082765221596,0.1507132351398468,results/outputs/global_verify_components/pca/pca_global_train_seed42_layer14_eps0.5_k10_ambig_shared_noflip_rejected_n400.pt,results/analysis/global_topN_component_alignment_sweep/figs/gsm_mc__scope-global__ptype-shared_noflip__seed42__layer14__eps0.5__ambig__rejected__k1.png,shared_noflip
gsm_mc,global,True,42,14,0.5,ambig,shared_noflip,rejected,1,top5_by_explained_variance,"0,1,2,3,4",-0.3273396866187577,200,0.2013215869665146,0.2030816376209259,0.1239825114607811,0.2736617922782898,results/outputs/global_verify_components/pca/pca_global_train_seed42_layer14_eps0.5_k10_ambig_shared_noflip_rejected_n600.pt,results/analysis/global_topN_component_alignment_sweep/figs/gsm_mc__scope-global__ptype-shared_noflip__seed42__layer14__eps0.5__ambig__rejected__k1.png,shared_noflip
gsm_mc,global,True,42,14,0.5,ambig,shared_noflip,rejected,1,top5_by_explained_variance,"0,1,2,3,4",-0.16201123088058741,200,0.19239482283592224,0.19103217124938965,0.08816856145858765,0.2708372473716736,results/outputs/global_verify_components/pca/pca_global_train_seed42_layer14_eps0.5_k10_ambig_shared_noflip_rejected_n800.pt,results/analysis/global_topN_component_alignment_sweep/figs/gsm_mc__scope-global__ptype-shared_noflip__seed42__layer14__eps0.5__ambig__rejected__k1.png,shared_noflip
gsm_mc,global,True,42,14,0.5,ambig,shared_noflip,rejected,1,top5_by_explained_variance,"0,1,2,3,4",-0.054374348093803815,200,0.17303062975406647,0.15204456448554993,0.07544601708650589,0.24533683061599731,results/outputs/global_verify_components/pca/pca_global_train_seed42_layer14_eps0.5_k10_ambig_shared_noflip_rejected_n950.pt,results/analysis/global_topN_component_alignment_sweep/figs/gsm_mc__scope-global__ptype-shared_noflip__seed42__layer14__eps0.5__ambig__rejected__k1.png,shared_noflip
gsm_mc,global,True,42,14,0.5,ambig,shared_noflip,chosen,2,top5_by_explained_variance,"0,1,2,3,4",-0.25739694529216894,15,0.27170225977897644,0.18512028455734253,0.10394942760467529,0.4147956371307373,results/outputs/global_verify_components/pca/pca_global_train_seed42_layer14_eps0.5_k10_ambig_shared_noflip_chosen_n30.pt,results/analysis/global_topN_component_alignment_sweep/figs/gsm_mc__scope-global__ptype-shared_noflip__seed42__layer14__eps0.5__ambig__chosen__k2.png,shared_noflip
gsm_mc,global,True,42,14,0.5,ambig,shared_noflip,chosen,2,top5_by_explained_variance,"0,1,2,3,4",-0.13999410240100366,200,0.2277505099773407,0.19409595429897308,0.0731545090675354,0.3132462203502655,results/outputs/global_verify_components/pca/pca_global_train_seed42_layer14_eps0.5_k10_ambig_shared_noflip_chosen_n400.pt,results/analysis/global_topN_component_alignment_sweep/figs/gsm_mc__scope-global__ptype-shared_noflip__seed42__layer14__eps0.5__ambig__chosen__k2.png,shared_noflip
gsm_mc,global,True,42,14,0.5,ambig,shared_noflip,chosen,2,top5_by_explained_variance,"0,1,2,3,4",0.08503819636020059,200,0.20874355733394623,0.1632101833820343,0.07618378102779388,0.28899097442626953,results/outputs/global_verify_components/pca/pca_global_train_seed42_layer14_eps0.5_k10_ambig_shared_noflip_chosen_n600.pt,results/analysis/global_topN_component_alignment_sweep/figs/gsm_mc__scope-global__ptype-shared_noflip__seed42__layer14__eps0.5__ambig__chosen__k2.png,shared_noflip
gsm_mc,global,True,42,14,0.5,ambig,shared_noflip,chosen,2,top5_by_explained_variance,"0,1,2,3,4",0.16992748004611322,200,0.1968756467103958,0.18247684836387634,0.07576585561037064,0.278619647026062,results/outputs/global_verify_components/pca/pca_global_train_seed42_layer14_eps0.5_k10_ambig_shared_noflip_chosen_n800.pt,results/analysis/global_topN_component_alignment_sweep/figs/gsm_mc__scope-global__ptype-shared_noflip__seed42__layer14__eps0.5__ambig__chosen__k2.png,shared_noflip
gsm_mc,global,True,42,14,0.5,ambig,shared_noflip,chosen,2,top5_by_explained_variance,"0,1,2,3,4",0.25566140813142635,200,0.15693190693855286,0.13898971676826477,0.07333212345838547,0.21854427456855774,results/outputs/global_verify_components/pca/pca_global_train_seed42_layer14_eps0.5_k10_ambig_shared_noflip_chosen_n950.pt,results/analysis/global_topN_component_alignment_sweep/figs/gsm_mc__scope-global__ptype-shared_noflip__seed42__layer14__eps0.5__ambig__chosen__k2.png,shared_noflip
gsm_mc,global,True,42,14,0.5,ambig,shared_noflip,rejected,2,top5_by_explained_variance,"0,1,2,3,4",-0.31219438327687254,15,0.3135470747947693,0.3020879626274109,0.20838835835456848,0.38281622529029846,results/outputs/global_verify_components/pca/pca_global_train_seed42_layer14_eps0.5_k10_ambig_shared_noflip_rejected_n30.pt,results/analysis/global_topN_component_alignment_sweep/figs/gsm_mc__scope-global__ptype-shared_noflip__seed42__layer14__eps0.5__ambig__rejected__k2.png,shared_noflip
gsm_mc,global,True,42,14,0.5,ambig,shared_noflip,rejected,2,top5_by_explained_variance,"0,1,2,3,4",-0.3998179789473967,200,0.2862738370895386,0.28509318828582764,0.12790188193321228,0.4411171078681946,results/outputs/global_verify_components/pca/pca_global_train_seed42_layer14_eps0.5_k10_ambig_shared_noflip_rejected_n400.pt,results/analysis/global_topN_component_alignment_sweep/figs/gsm_mc__scope-global__ptype-shared_noflip__seed42__layer14__eps0.5__ambig__rejected__k2.png,shared_noflip
gsm_mc,global,True,42,14,0.5,ambig,shared_noflip,rejected,2,top5_by_explained_variance,"0,1,2,3,4",0.20381180874049218,200,0.23402106761932373,0.22879210114479065,0.11120758950710297,0.3334226608276367,results/outputs/global_verify_components/pca/pca_global_train_seed42_layer14_eps0.5_k10_ambig_shared_noflip_rejected_n600.pt,results/analysis/global_topN_component_alignment_sweep/figs/gsm_mc__scope-global__ptype-shared_noflip__seed42__layer14__eps0.5__ambig__rejected__k2.png,shared_noflip
gsm_mc,global,True,42,14,0.5,ambig,shared_noflip,rejected,2,top5_by_explained_variance,"0,1,2,3,4",0.26177516055108335,200,0.2285078465938568,0.21672526001930237,0.12046916782855988,0.3215272128582001,results/outputs/global_verify_components/pca/pca_global_train_seed42_layer14_eps0.5_k10_ambig_shared_noflip_rejected_n800.pt,results/analysis/global_topN_component_alignment_sweep/figs/gsm_mc__scope-global__ptype-shared_noflip__seed42__layer14__eps0.5__ambig__rejected__k2.png,shared_noflip
gsm_mc,global,True,42,14,0.5,ambig,shared_noflip,rejected,2,top5_by_explained_variance,"0,1,2,3,4",-0.062185612395525634,200,0.09049466997385025,0.07562778145074844,0.04090575873851776,0.1250430941581726,results/outputs/global_verify_components/pca/pca_global_train_seed42_layer14_eps0.5_k10_ambig_shared_noflip_rejected_n950.pt,results/analysis/global_topN_component_alignment_sweep/figs/gsm_mc__scope-global__ptype-shared_noflip__seed42__layer14__eps0.5__ambig__rejected__k2.png,shared_noflip
gsm_mc,global,True,42,14,0.5,ambig,shared_noflip,chosen,3,top5_by_explained_variance,"0,1,2,3,4",0.2709428808881326,15,0.21202830970287323,0.1961444914340973,0.055387094616889954,0.27035367488861084,results/outputs/global_verify_components/pca/pca_global_train_seed42_layer14_eps0.5_k10_ambig_shared_noflip_chosen_n30.pt,results/analysis/global_topN_component_alignment_sweep/figs/gsm_mc__scope-global__ptype-shared_noflip__seed42__layer14__eps0.5__ambig__chosen__k3.png,shared_noflip
gsm_mc,global,True,42,14,0.5,ambig,shared_noflip,chosen,3,top5_by_explained_variance,"0,1,2,3,4",-0.3092244721639241,200,0.17404255270957947,0.1420162320137024,0.07633541524410248,0.2716454267501831,results/outputs/global_verify_components/pca/pca_global_train_seed42_layer14_eps0.5_k10_ambig_shared_noflip_chosen_n400.pt,results/analysis/global_topN_component_alignment_sweep/figs/gsm_mc__scope-global__ptype-shared_noflip__seed42__layer14__eps0.5__ambig__chosen__k3.png,shared_noflip
gsm_mc,global,True,42,14,0.5,ambig,shared_noflip,chosen,3,top5_by_explained_variance,"0,1,2,3,4",0.18011345490286312,200,0.1601366400718689,0.1250108778476715,0.056333765387535095,0.2668345272541046,results/outputs/global_verify_components/pca/pca_global_train_seed42_layer14_eps0.5_k10_ambig_shared_noflip_chosen_n600.pt,results/analysis/global_topN_component_alignment_sweep/figs/gsm_mc__scope-global__ptype-shared_noflip__seed42__layer14__eps0.5__ambig__chosen__k3.png,shared_noflip
gsm_mc,global,True,42,14,0.5,ambig,shared_noflip,chosen,3,top5_by_explained_variance,"0,1,2,3,4",-0.3476360007636916,200,0.15944120287895203,0.14051243662834167,0.07957642525434494,0.21419253945350647,results/outputs/global_verify_components/pca/pca_global_train_seed42_layer14_eps0.5_k10_ambig_shared_noflip_chosen_n800.pt,results/analysis/global_topN_component_alignment_sweep/figs/gsm_mc__scope-global__ptype-shared_noflip__seed42__layer14__eps0.5__ambig__chosen__k3.png,shared_noflip
gsm_mc,global,True,42,14,0.5,ambig,shared_noflip,chosen,3,top5_by_explained_variance,"0,1,2,3,4",0.229087005262211,200,0.1714053750038147,0.15791767835617065,0.08004355430603027,0.2510857880115509,results/outputs/global_verify_components/pca/pca_global_train_seed42_layer14_eps0.5_k10_ambig_shared_noflip_chosen_n950.pt,results/analysis/global_topN_component_alignment_sweep/figs/gsm_mc__scope-global__ptype-shared_noflip__seed42__layer14__eps0.5__ambig__chosen__k3.png,shared_noflip
gsm_mc,global,True,42,14,0.5,ambig,shared_noflip,rejected,3,top5_by_explained_variance,"0,1,2,3,4",0.07136256495493497,15,0.20642980933189392,0.10431017726659775,0.0495087131857872,0.29144757986068726,results/outputs/global_verify_components/pca/pca_global_train_seed42_layer14_eps0.5_k10_ambig_shared_noflip_rejected_n30.pt,results/analysis/global_topN_component_alignment_sweep/figs/gsm_mc__scope-global__ptype-shared_noflip__seed42__layer14__eps0.5__ambig__rejected__k3.png,shared_noflip
gsm_mc,global,True,42,14,0.5,ambig,shared_noflip,rejected,3,top5_by_explained_variance,"0,1,2,3,4",-0.25250069700600225,200,0.1593731790781021,0.10619804263114929,0.05341150611639023,0.21569713950157166,results/outputs/global_verify_components/pca/pca_global_train_seed42_layer14_eps0.5_k10_ambig_shared_noflip_rejected_n400.pt,results/analysis/global_topN_component_alignment_sweep/figs/gsm_mc__scope-global__ptype-shared_noflip__seed42__layer14__eps0.5__ambig__rejected__k3.png,shared_noflip
gsm_mc,global,True,42,14,0.5,ambig,shared_noflip,rejected,3,top5_by_explained_variance,"0,1,2,3,4",0.2856903234890421,200,0.1303505003452301,0.09585502743721008,0.04880254715681076,0.17986609041690826,results/outputs/global_verify_components/pca/pca_global_train_seed42_layer14_eps0.5_k10_ambig_shared_noflip_rejected_n600.pt,results/analysis/global_topN_component_alignment_sweep/figs/gsm_mc__scope-global__ptype-shared_noflip__seed42__layer14__eps0.5__ambig__rejected__k3.png,shared_noflip
gsm_mc,global,True,42,14,0.5,ambig,shared_noflip,rejected,3,top5_by_explained_variance,"0,1,2,3,4",0.20529979522652983,200,0.13626085221767426,0.11071661114692688,0.05221867933869362,0.18682903051376343,results/outputs/global_verify_components/pca/pca_global_train_seed42_layer14_eps0.5_k10_ambig_shared_noflip_rejected_n800.pt,results/analysis/global_topN_component_alignment_sweep/figs/gsm_mc__scope-global__ptype-shared_noflip__seed42__layer14__eps0.5__ambig__rejected__k3.png,shared_noflip
gsm_mc,global,True,42,14,0.5,ambig,shared_noflip,rejected,3,top5_by_explained_variance,"0,1,2,3,4",0.2822502159665687,200,0.2252301424741745,0.21586212515830994,0.12276701629161835,0.32402682304382324,results/outputs/global_verify_components/pca/pca_global_train_seed42_layer14_eps0.5_k10_ambig_shared_noflip_rejected_n950.pt,results/analysis/global_topN_component_alignment_sweep/figs/gsm_mc__scope-global__ptype-shared_noflip__seed42__layer14__eps0.5__ambig__rejected__k3.png,shared_noflip
gsm_mc,global,True,42,14,0.5,ambig,shared_noflip,chosen,4,top5_by_explained_variance,"0,1,2,3,4",0.6852291950928014,15,0.20995648205280304,0.17988163232803345,0.12605232000350952,0.2674485743045807,results/outputs/global_verify_components/pca/pca_global_train_seed42_layer14_eps0.5_k10_ambig_shared_noflip_chosen_n30.pt,results/analysis/global_topN_component_alignment_sweep/figs/gsm_mc__scope-global__ptype-shared_noflip__seed42__layer14__eps0.5__ambig__chosen__k4.png,shared_noflip
gsm_mc,global,True,42,14,0.5,ambig,shared_noflip,chosen,4,top5_by_explained_variance,"0,1,2,3,4",0.027534140638229992,200,0.08757822960615158,0.07841937243938446,0.033639661967754364,0.13081225752830505,results/outputs/global_verify_components/pca/pca_global_train_seed42_layer14_eps0.5_k10_ambig_shared_noflip_chosen_n400.pt,results/analysis/global_topN_component_alignment_sweep/figs/gsm_mc__scope-global__ptype-shared_noflip__seed42__layer14__eps0.5__ambig__chosen__k4.png,shared_noflip
gsm_mc,global,True,42,14,0.5,ambig,shared_noflip,chosen,4,top5_by_explained_variance,"0,1,2,3,4",-0.3365894670299837,200,0.12302643060684204,0.1092083752155304,0.0522858090698719,0.1665111780166626,results/outputs/global_verify_components/pca/pca_global_train_seed42_layer14_eps0.5_k10_ambig_shared_noflip_chosen_n600.pt,results/analysis/global_topN_component_alignment_sweep/figs/gsm_mc__scope-global__ptype-shared_noflip__seed42__layer14__eps0.5__ambig__chosen__k4.png,shared_noflip
gsm_mc,global,True,42,14,0.5,ambig,shared_noflip,chosen,4,top5_by_explained_variance,"0,1,2,3,4",-0.12679633853238123,200,0.14717601239681244,0.10823682695627213,0.05104079470038414,0.24463436007499695,results/outputs/global_verify_components/pca/pca_global_train_seed42_layer14_eps0.5_k10_ambig_shared_noflip_chosen_n800.pt,results/analysis/global_topN_component_alignment_sweep/figs/gsm_mc__scope-global__ptype-shared_noflip__seed42__layer14__eps0.5__ambig__chosen__k4.png,shared_noflip
gsm_mc,global,True,42,14,0.5,ambig,shared_noflip,chosen,4,top5_by_explained_variance,"0,1,2,3,4",-0.16785836516252994,200,0.099416583776474,0.0946337953209877,0.04251246526837349,0.1379338800907135,results/outputs/global_verify_components/pca/pca_global_train_seed42_layer14_eps0.5_k10_ambig_shared_noflip_chosen_n950.pt,results/analysis/global_topN_component_alignment_sweep/figs/gsm_mc__scope-global__ptype-shared_noflip__seed42__layer14__eps0.5__ambig__chosen__k4.png,shared_noflip
gsm_mc,global,True,42,14,0.5,ambig,shared_noflip,rejected,4,top5_by_explained_variance,"0,1,2,3,4",-0.025517546553452383,15,0.16873589158058167,0.1274140477180481,0.04434838891029358,0.170150488615036,results/outputs/global_verify_components/pca/pca_global_train_seed42_layer14_eps0.5_k10_ambig_shared_noflip_rejected_n30.pt,results/analysis/global_topN_component_alignment_sweep/figs/gsm_mc__scope-global__ptype-shared_noflip__seed42__layer14__eps0.5__ambig__rejected__k4.png,shared_noflip
gsm_mc,global,True,42,14,0.5,ambig,shared_noflip,rejected,4,top5_by_explained_variance,"0,1,2,3,4",-0.22146703926420339,200,0.1536298394203186,0.13084664940834045,0.058945946395397186,0.23371775448322296,results/outputs/global_verify_components/pca/pca_global_train_seed42_layer14_eps0.5_k10_ambig_shared_noflip_rejected_n400.pt,results/analysis/global_topN_component_alignment_sweep/figs/gsm_mc__scope-global__ptype-shared_noflip__seed42__layer14__eps0.5__ambig__rejected__k4.png,shared_noflip
gsm_mc,global,True,42,14,0.5,ambig,shared_noflip,rejected,4,top5_by_explained_variance,"0,1,2,3,4",-0.1248699588462187,200,0.13060718774795532,0.1094353199005127,0.04874683544039726,0.20009131729602814,results/outputs/global_verify_components/pca/pca_global_train_seed42_layer14_eps0.5_k10_ambig_shared_noflip_rejected_n600.pt,results/analysis/global_topN_component_alignment_sweep/figs/gsm_mc__scope-global__ptype-shared_noflip__seed42__layer14__eps0.5__ambig__rejected__k4.png,shared_noflip
gsm_mc,global,True,42,14,0.5,ambig,shared_noflip,rejected,4,top5_by_explained_variance,"0,1,2,3,4",-0.2825467366046137,200,0.12352728098630905,0.10466155409812927,0.05649828910827637,0.1792551428079605,results/outputs/global_verify_components/pca/pca_global_train_seed42_layer14_eps0.5_k10_ambig_shared_noflip_rejected_n800.pt,results/analysis/global_topN_component_alignment_sweep/figs/gsm_mc__scope-global__ptype-shared_noflip__seed42__layer14__eps0.5__ambig__rejected__k4.png,shared_noflip
gsm_mc,global,True,42,14,0.5,ambig,shared_noflip,rejected,4,top5_by_explained_variance,"0,1,2,3,4",-0.1064744984605145,200,0.10925912111997604,0.07659082114696503,0.034385934472084045,0.16061852872371674,results/outputs/global_verify_components/pca/pca_global_train_seed42_layer14_eps0.5_k10_ambig_shared_noflip_rejected_n950.pt,results/analysis/global_topN_component_alignment_sweep/figs/gsm_mc__scope-global__ptype-shared_noflip__seed42__layer14__eps0.5__ambig__rejected__k4.png,shared_noflip
math_mc,global,True,42,14,0.5,ambig,separate,chosen,0,top5_by_explained_variance,"0,1,2,3,4",-0.12216734363839846,200,0.34774401783943176,0.3561577796936035,0.3256538510322571,0.38054484128952026,results/outputs/global_verify_components/pca/pca_global_train_seed42_layer14_eps0.5_k10_ambig_separate_chosen_n600.pt,results/analysis/global_topN_component_alignment_sweep/figs/math_mc__scope-global__ptype-separate__seed42__layer14__eps0.5__ambig__chosen__k0.png,separate
math_mc,global,True,42,14,0.5,ambig,separate,chosen,0,top5_by_explained_variance,"0,1,2,3,4",-0.15851120895289644,200,0.35602420568466187,0.3637615442276001,0.33250659704208374,0.38935109972953796,results/outputs/global_verify_components/pca/pca_global_train_seed42_layer14_eps0.5_k10_ambig_separate_chosen_n800.pt,results/analysis/global_topN_component_alignment_sweep/figs/math_mc__scope-global__ptype-separate__seed42__layer14__eps0.5__ambig__chosen__k0.png,separate
math_mc,global,True,42,14,0.5,ambig,separate,chosen,0,top5_by_explained_variance,"0,1,2,3,4",-0.2990819093730663,200,0.5039644837379456,0.5140356421470642,0.47352346777915955,0.545116662979126,results/outputs/global_verify_components/pca/pca_global_train_seed42_layer14_eps0.5_k10_ambig_separate_chosen_n950.pt,results/analysis/global_topN_component_alignment_sweep/figs/math_mc__scope-global__ptype-separate__seed42__layer14__eps0.5__ambig__chosen__k0.png,separate
math_mc,global,True,42,14,0.5,ambig,separate,rejected,0,top5_by_explained_variance,"0,1,2,3,4",0.008079005001711862,200,0.21624647080898285,0.2277197688817978,0.17306354641914368,0.2658180296421051,results/outputs/global_verify_components/pca/pca_global_train_seed42_layer14_eps0.5_k10_ambig_separate_rejected_n600.pt,results/analysis/global_topN_component_alignment_sweep/figs/math_mc__scope-global__ptype-separate__seed42__layer14__eps0.5__ambig__rejected__k0.png,separate
math_mc,global,True,42,14,0.5,ambig,separate,rejected,0,top5_by_explained_variance,"0,1,2,3,4",-0.06725583249608305,200,0.24861636757850647,0.2627410590648651,0.19640865921974182,0.3012106120586395,results/outputs/global_verify_components/pca/pca_global_train_seed42_layer14_eps0.5_k10_ambig_separate_rejected_n800.pt,results/analysis/global_topN_component_alignment_sweep/figs/math_mc__scope-global__ptype-separate__seed42__layer14__eps0.5__ambig__rejected__k0.png,separate
math_mc,global,True,42,14,0.5,ambig,separate,rejected,0,top5_by_explained_variance,"0,1,2,3,4",0.0020419969469840063,200,0.3882793188095093,0.4329349994659424,0.30774375796318054,0.4893294870853424,results/outputs/global_verify_components/pca/pca_global_train_seed42_layer14_eps0.5_k10_ambig_separate_rejected_n950.pt,results/analysis/global_topN_component_alignment_sweep/figs/math_mc__scope-global__ptype-separate__seed42__layer14__eps0.5__ambig__rejected__k0.png,separate
math_mc,global,True,42,14,0.5,ambig,separate,chosen,1,top5_by_explained_variance,"0,1,2,3,4",0.04888671238219285,200,0.11238940060138702,0.09754909574985504,0.05316401273012161,0.14902959764003754,results/outputs/global_verify_components/pca/pca_global_train_seed42_layer14_eps0.5_k10_ambig_separate_chosen_n600.pt,results/analysis/global_topN_component_alignment_sweep/figs/math_mc__scope-global__ptype-separate__seed42__layer14__eps0.5__ambig__chosen__k1.png,separate
math_mc,global,True,42,14,0.5,ambig,separate,chosen,1,top5_by_explained_variance,"0,1,2,3,4",0.12600896746981433,200,0.11930641531944275,0.10672243684530258,0.0464644655585289,0.1754966676235199,results/outputs/global_verify_components/pca/pca_global_train_seed42_layer14_eps0.5_k10_ambig_separate_chosen_n800.pt,results/analysis/global_topN_component_alignment_sweep/figs/math_mc__scope-global__ptype-separate__seed42__layer14__eps0.5__ambig__chosen__k1.png,separate
math_mc,global,True,42,14,0.5,ambig,separate,chosen,1,top5_by_explained_variance,"0,1,2,3,4",0.27881214245601055,200,0.14379321038722992,0.14306505024433136,0.1105373427271843,0.17508018016815186,results/outputs/global_verify_components/pca/pca_global_train_seed42_layer14_eps0.5_k10_ambig_separate_chosen_n950.pt,results/analysis/global_topN_component_alignment_sweep/figs/math_mc__scope-global__ptype-separate__seed42__layer14__eps0.5__ambig__chosen__k1.png,separate
math_mc,global,True,42,14,0.5,ambig,separate,rejected,1,top5_by_explained_variance,"0,1,2,3,4",-0.026531157581266,200,0.20209549367427826,0.19669640064239502,0.10514175146818161,0.28934621810913086,results/outputs/global_verify_components/pca/pca_global_train_seed42_layer14_eps0.5_k10_ambig_separate_rejected_n600.pt,results/analysis/global_topN_component_alignment_sweep/figs/math_mc__scope-global__ptype-separate__seed42__layer14__eps0.5__ambig__rejected__k1.png,separate
math_mc,global,True,42,14,0.5,ambig,separate,rejected,1,top5_by_explained_variance,"0,1,2,3,4",0.01415282891888541,200,0.17658179998397827,0.17223002016544342,0.09289678931236267,0.24741370975971222,results/outputs/global_verify_components/pca/pca_global_train_seed42_layer14_eps0.5_k10_ambig_separate_rejected_n800.pt,results/analysis/global_topN_component_alignment_sweep/figs/math_mc__scope-global__ptype-separate__seed42__layer14__eps0.5__ambig__rejected__k1.png,separate
math_mc,global,True,42,14,0.5,ambig,separate,rejected,1,top5_by_explained_variance,"0,1,2,3,4",-0.05508599873962926,200,0.15014027059078217,0.14617246389389038,0.08860590308904648,0.21325969696044922,results/outputs/global_verify_components/pca/pca_global_train_seed42_layer14_eps0.5_k10_ambig_separate_rejected_n950.pt,results/analysis/global_topN_component_alignment_sweep/figs/math_mc__scope-global__ptype-separate__seed42__layer14__eps0.5__ambig__rejected__k1.png,separate
math_mc,global,True,42,14,0.5,ambig,separate,chosen,2,top5_by_explained_variance,"0,1,2,3,4",0.068476750008056,200,0.12931130826473236,0.11167299747467041,0.05559377372264862,0.19430044293403625,results/outputs/global_verify_components/pca/pca_global_train_seed42_layer14_eps0.5_k10_ambig_separate_chosen_n600.pt,results/analysis/global_topN_component_alignment_sweep/figs/math_mc__scope-global__ptype-separate__seed42__layer14__eps0.5__ambig__chosen__k2.png,separate
math_mc,global,True,42,14,0.5,ambig,separate,chosen,2,top5_by_explained_variance,"0,1,2,3,4",-0.19798277887644505,200,0.12299087643623352,0.11349830031394958,0.05739618092775345,0.177822083234787,results/outputs/global_verify_components/pca/pca_global_train_seed42_layer14_eps0.5_k10_ambig_separate_chosen_n800.pt,results/analysis/global_topN_component_alignment_sweep/figs/math_mc__scope-global__ptype-separate__seed42__layer14__eps0.5__ambig__chosen__k2.png,separate
math_mc,global,True,42,14,0.5,ambig,separate,chosen,2,top5_by_explained_variance,"0,1,2,3,4",0.13754354770416516,200,0.19136442244052887,0.1809961497783661,0.10652567446231842,0.2666385769844055,results/outputs/global_verify_components/pca/pca_global_train_seed42_layer14_eps0.5_k10_ambig_separate_chosen_n950.pt,results/analysis/global_topN_component_alignment_sweep/figs/math_mc__scope-global__ptype-separate__seed42__layer14__eps0.5__ambig__chosen__k2.png,separate
math_mc,global,True,42,14,0.5,ambig,separate,rejected,2,top5_by_explained_variance,"0,1,2,3,4",-0.11175889621328722,200,0.18513916432857513,0.1857692301273346,0.08992917835712433,0.2600364089012146,results/outputs/global_verify_components/pca/pca_global_train_seed42_layer14_eps0.5_k10_ambig_separate_rejected_n600.pt,results/analysis/global_topN_component_alignment_sweep/figs/math_mc__scope-global__ptype-separate__seed42__layer14__eps0.5__ambig__rejected__k2.png,separate
math_mc,global,True,42,14,0.5,ambig,separate,rejected,2,top5_by_explained_variance,"0,1,2,3,4",-0.2070094308683666,200,0.22035503387451172,0.22714674472808838,0.1140822321176529,0.329681932926178,results/outputs/global_verify_components/pca/pca_global_train_seed42_layer14_eps0.5_k10_ambig_separate_rejected_n800.pt,results/analysis/global_topN_component_alignment_sweep/figs/math_mc__scope-global__ptype-separate__seed42__layer14__eps0.5__ambig__rejected__k2.png,separate
math_mc,global,True,42,14,0.5,ambig,separate,rejected,2,top5_by_explained_variance,"0,1,2,3,4",-0.004065497708598864,200,0.16663211584091187,0.13348591327667236,0.060915201902389526,0.26102495193481445,results/outputs/global_verify_components/pca/pca_global_train_seed42_layer14_eps0.5_k10_ambig_separate_rejected_n950.pt,results/analysis/global_topN_component_alignment_sweep/figs/math_mc__scope-global__ptype-separate__seed42__layer14__eps0.5__ambig__rejected__k2.png,separate
math_mc,global,True,42,14,0.5,ambig,separate,chosen,3,top5_by_explained_variance,"0,1,2,3,4",0.2663200720886792,200,0.13687926530838013,0.13716059923171997,0.10685160756111145,0.16948769986629486,results/outputs/global_verify_components/pca/pca_global_train_seed42_layer14_eps0.5_k10_ambig_separate_chosen_n600.pt,results/analysis/global_topN_component_alignment_sweep/figs/math_mc__scope-global__ptype-separate__seed42__layer14__eps0.5__ambig__chosen__k3.png,separate
math_mc,global,True,42,14,0.5,ambig,separate,chosen,3,top5_by_explained_variance,"0,1,2,3,4",-0.059214890204604555,200,0.08759699016809464,0.07951384782791138,0.034465938806533813,0.1267286241054535,results/outputs/global_verify_components/pca/pca_global_train_seed42_layer14_eps0.5_k10_ambig_separate_chosen_n800.pt,results/analysis/global_topN_component_alignment_sweep/figs/math_mc__scope-global__ptype-separate__seed42__layer14__eps0.5__ambig__chosen__k3.png,separate
math_mc,global,True,42,14,0.5,ambig,separate,chosen,3,top5_by_explained_variance,"0,1,2,3,4",0.2319476512911692,200,0.127904012799263,0.12268201261758804,0.07311560958623886,0.17371238768100739,results/outputs/global_verify_components/pca/pca_global_train_seed42_layer14_eps0.5_k10_ambig_separate_chosen_n950.pt,results/analysis/global_topN_component_alignment_sweep/figs/math_mc__scope-global__ptype-separate__seed42__layer14__eps0.5__ambig__chosen__k3.png,separate
math_mc,global,True,42,14,0.5,ambig,separate,rejected,3,top5_by_explained_variance,"0,1,2,3,4",0.2300607015392238,200,0.22607868909835815,0.22481375932693481,0.1212339997291565,0.31629514694213867,results/outputs/global_verify_components/pca/pca_global_train_seed42_layer14_eps0.5_k10_ambig_separate_rejected_n600.pt,results/analysis/global_topN_component_alignment_sweep/figs/math_mc__scope-global__ptype-separate__seed42__layer14__eps0.5__ambig__rejected__k3.png,separate
math_mc,global,True,42,14,0.5,ambig,separate,rejected,3,top5_by_explained_variance,"0,1,2,3,4",0.002223619531910257,200,0.12079610675573349,0.10423287749290466,0.05607438087463379,0.1632836014032364,results/outputs/global_verify_components/pca/pca_global_train_seed42_layer14_eps0.5_k10_ambig_separate_rejected_n800.pt,results/analysis/global_topN_component_alignment_sweep/figs/math_mc__scope-global__ptype-separate__seed42__layer14__eps0.5__ambig__rejected__k3.png,separate
math_mc,global,True,42,14,0.5,ambig,separate,rejected,3,top5_by_explained_variance,"0,1,2,3,4",-0.20035466135016528,200,0.16373375058174133,0.15757779777050018,0.06907567381858826,0.24271336197853088,results/outputs/global_verify_components/pca/pca_global_train_seed42_layer14_eps0.5_k10_ambig_separate_rejected_n950.pt,results/analysis/global_topN_component_alignment_sweep/figs/math_mc__scope-global__ptype-separate__seed42__layer14__eps0.5__ambig__rejected__k3.png,separate
math_mc,global,True,42,14,0.5,ambig,separate,chosen,4,top5_by_explained_variance,"0,1,2,3,4",0.46605497031404963,200,0.11711981892585754,0.110002800822258,0.05056588351726532,0.17698532342910767,results/outputs/global_verify_components/pca/pca_global_train_seed42_layer14_eps0.5_k10_ambig_separate_chosen_n600.pt,results/analysis/global_topN_component_alignment_sweep/figs/math_mc__scope-global__ptype-separate__seed42__layer14__eps0.5__ambig__chosen__k4.png,separate
math_mc,global,True,42,14,0.5,ambig,separate,chosen,4,top5_by_explained_variance,"0,1,2,3,4",0.4425004088505774,200,0.18327674269676208,0.1916779726743698,0.13675037026405334,0.22956521809101105,results/outputs/global_verify_components/pca/pca_global_train_seed42_layer14_eps0.5_k10_ambig_separate_chosen_n800.pt,results/analysis/global_topN_component_alignment_sweep/figs/math_mc__scope-global__ptype-separate__seed42__layer14__eps0.5__ambig__chosen__k4.png,separate
math_mc,global,True,42,14,0.5,ambig,separate,chosen,4,top5_by_explained_variance,"0,1,2,3,4",0.11818056292598542,200,0.11337665468454361,0.098117396235466,0.04704377427697182,0.16981908679008484,results/outputs/global_verify_components/pca/pca_global_train_seed42_layer14_eps0.5_k10_ambig_separate_chosen_n950.pt,results/analysis/global_topN_component_alignment_sweep/figs/math_mc__scope-global__ptype-separate__seed42__layer14__eps0.5__ambig__chosen__k4.png,separate
math_mc,global,True,42,14,0.5,ambig,separate,rejected,4,top5_by_explained_variance,"0,1,2,3,4",0.16389722552373448,200,0.12997840344905853,0.12829473614692688,0.08533239364624023,0.17168028652668,results/outputs/global_verify_components/pca/pca_global_train_seed42_layer14_eps0.5_k10_ambig_separate_rejected_n600.pt,results/analysis/global_topN_component_alignment_sweep/figs/math_mc__scope-global__ptype-separate__seed42__layer14__eps0.5__ambig__rejected__k4.png,separate
math_mc,global,True,42,14,0.5,ambig,separate,rejected,4,top5_by_explained_variance,"0,1,2,3,4",-0.22186636505506604,200,0.07600941509008408,0.06911230087280273,0.033993326127529144,0.10323736816644669,results/outputs/global_verify_components/pca/pca_global_train_seed42_layer14_eps0.5_k10_ambig_separate_rejected_n800.pt,results/analysis/global_topN_component_alignment_sweep/figs/math_mc__scope-global__ptype-separate__seed42__layer14__eps0.5__ambig__rejected__k4.png,separate
math_mc,global,True,42,14,0.5,ambig,separate,rejected,4,top5_by_explained_variance,"0,1,2,3,4",0.12839487033977573,200,0.09791325777769089,0.09078003466129303,0.046391360461711884,0.1413794755935669,results/outputs/global_verify_components/pca/pca_global_train_seed42_layer14_eps0.5_k10_ambig_separate_rejected_n950.pt,results/analysis/global_topN_component_alignment_sweep/figs/math_mc__scope-global__ptype-separate__seed42__layer14__eps0.5__ambig__rejected__k4.png,separate
math_mc,global,True,42,14,0.5,ambig,shared_flip,chosen,0,top5_by_explained_variance,"0,1,2,3,4",-0.09108546027961231,200,0.31525012850761414,0.3224569857120514,0.2914591431617737,0.34963351488113403,results/outputs/global_verify_components/pca/pca_global_train_seed42_layer14_eps0.5_k10_ambig_shared_flip_chosen_n600.pt,results/analysis/global_topN_component_alignment_sweep/figs/math_mc__scope-global__ptype-shared_flip__seed42__layer14__eps0.5__ambig__chosen__k0.png,shared_flip
math_mc,global,True,42,14,0.5,ambig,shared_flip,chosen,0,top5_by_explained_variance,"0,1,2,3,4",-0.14023936913870555,200,0.32808205485343933,0.33209753036499023,0.3023214340209961,0.3626946806907654,results/outputs/global_verify_components/pca/pca_global_train_seed42_layer14_eps0.5_k10_ambig_shared_flip_chosen_n800.pt,results/analysis/global_topN_component_alignment_sweep/figs/math_mc__scope-global__ptype-shared_flip__seed42__layer14__eps0.5__ambig__chosen__k0.png,shared_flip
math_mc,global,True,42,14,0.5,ambig,shared_flip,chosen,0,top5_by_explained_variance,"0,1,2,3,4",-0.26561453659121625,200,0.44306424260139465,0.45020103454589844,0.4054966866970062,0.48608675599098206,results/outputs/global_verify_components/pca/pca_global_train_seed42_layer14_eps0.5_k10_ambig_shared_flip_chosen_n950.pt,results/analysis/global_topN_component_alignment_sweep/figs/math_mc__scope-global__ptype-shared_flip__seed42__layer14__eps0.5__ambig__chosen__k0.png,shared_flip
math_mc,global,True,42,14,0.5,ambig,shared_flip,rejected,0,top5_by_explained_variance,"0,1,2,3,4",0.15370051293641826,200,0.22045868635177612,0.2310703694820404,0.18194378912448883,0.2711518406867981,results/outputs/global_verify_components/pca/pca_global_train_seed42_layer14_eps0.5_k10_ambig_shared_flip_rejected_n600.pt,results/analysis/global_topN_component_alignment_sweep/figs/math_mc__scope-global__ptype-shared_flip__seed42__layer14__eps0.5__ambig__rejected__k0.png,shared_flip
math_mc,global,True,42,14,0.5,ambig,shared_flip,rejected,0,top5_by_explained_variance,"0,1,2,3,4",0.06329239653847366,200,0.24875015020370483,0.25340428948402405,0.21509949862957,0.30265650153160095,results/outputs/global_verify_components/pca/pca_global_train_seed42_layer14_eps0.5_k10_ambig_shared_flip_rejected_n800.pt,results/analysis/global_topN_component_alignment_sweep/figs/math_mc__scope-global__ptype-shared_flip__seed42__layer14__eps0.5__ambig__rejected__k0.png,shared_flip
math_mc,global,True,42,14,0.5,ambig,shared_flip,rejected,0,top5_by_explained_variance,"0,1,2,3,4",0.07688772774277107,200,0.3959238827228546,0.43389543890953064,0.3423424959182739,0.4797327220439911,results/outputs/global_verify_components/pca/pca_global_train_seed42_layer14_eps0.5_k10_ambig_shared_flip_rejected_n950.pt,results/analysis/global_topN_component_alignment_sweep/figs/math_mc__scope-global__ptype-shared_flip__seed42__layer14__eps0.5__ambig__rejected__k0.png,shared_flip
math_mc,global,True,42,14,0.5,ambig,shared_flip,chosen,1,top5_by_explained_variance,"0,1,2,3,4",-0.03877472286179923,200,0.11256974190473557,0.09214320033788681,0.04758172482252121,0.1731170117855072,results/outputs/global_verify_components/pca/pca_global_train_seed42_layer14_eps0.5_k10_ambig_shared_flip_chosen_n600.pt,results/analysis/global_topN_component_alignment_sweep/figs/math_mc__scope-global__ptype-shared_flip__seed42__layer14__eps0.5__ambig__chosen__k1.png,shared_flip
math_mc,global,True,42,14,0.5,ambig,shared_flip,chosen,1,top5_by_explained_variance,"0,1,2,3,4",0.05135489878611923,200,0.10722578316926956,0.09396777302026749,0.036175165325403214,0.16196861863136292,results/outputs/global_verify_components/pca/pca_global_train_seed42_layer14_eps0.5_k10_ambig_shared_flip_chosen_n800.pt,results/analysis/global_topN_component_alignment_sweep/figs/math_mc__scope-global__ptype-shared_flip__seed42__layer14__eps0.5__ambig__chosen__k1.png,shared_flip
math_mc,global,True,42,14,0.5,ambig,shared_flip,chosen,1,top5_by_explained_variance,"0,1,2,3,4",0.16127972967591897,200,0.0643959641456604,0.06160590797662735,0.026965606957674026,0.09265635907649994,results/outputs/global_verify_components/pca/pca_global_train_seed42_layer14_eps0.5_k10_ambig_shared_flip_chosen_n950.pt,results/analysis/global_topN_component_alignment_sweep/figs/math_mc__scope-global__ptype-shared_flip__seed42__layer14__eps0.5__ambig__chosen__k1.png,shared_flip
math_mc,global,True,42,14,0.5,ambig,shared_flip,rejected,1,top5_by_explained_variance,"0,1,2,3,4",0.04348413283876112,200,0.15317665040493011,0.13927660882472992,0.07255274057388306,0.2240242213010788,results/outputs/global_verify_components/pca/pca_global_train_seed42_layer14_eps0.5_k10_ambig_shared_flip_rejected_n600.pt,results/analysis/global_topN_component_alignment_sweep/figs/math_mc__scope-global__ptype-shared_flip__seed42__layer14__eps0.5__ambig__rejected__k1.png,shared_flip
math_mc,global,True,42,14,0.5,ambig,shared_flip,rejected,1,top5_by_explained_variance,"0,1,2,3,4",0.14172083731669038,200,0.1236504465341568,0.10799957066774368,0.060288190841674805,0.17477314174175262,results/outputs/global_verify_components/pca/pca_global_train_seed42_layer14_eps0.5_k10_ambig_shared_flip_rejected_n800.pt,results/analysis/global_topN_component_alignment_sweep/figs/math_mc__scope-global__ptype-shared_flip__seed42__layer14__eps0.5__ambig__rejected__k1.png,shared_flip
math_mc,global,True,42,14,0.5,ambig,shared_flip,rejected,1,top5_by_explained_variance,"0,1,2,3,4",0.0017634333487019807,200,0.13304737210273743,0.13205385208129883,0.07386940717697144,0.1932666152715683,results/outputs/global_verify_components/pca/pca_global_train_seed42_layer14_eps0.5_k10_ambig_shared_flip_rejected_n950.pt,results/analysis/global_topN_component_alignment_sweep/figs/math_mc__scope-global__ptype-shared_flip__seed42__layer14__eps0.5__ambig__rejected__k1.png,shared_flip
math_mc,global,True,42,14,0.5,ambig,shared_flip,chosen,2,top5_by_explained_variance,"0,1,2,3,4",-0.12552622820151388,200,0.12369226664304733,0.11679969727993011,0.05549997091293335,0.1754498928785324,results/outputs/global_verify_components/pca/pca_global_train_seed42_layer14_eps0.5_k10_ambig_shared_flip_chosen_n600.pt,results/analysis/global_topN_component_alignment_sweep/figs/math_mc__scope-global__ptype-shared_flip__seed42__layer14__eps0.5__ambig__chosen__k2.png,shared_flip
math_mc,global,True,42,14,0.5,ambig,shared_flip,chosen,2,top5_by_explained_variance,"0,1,2,3,4",0.2451269388612937,200,0.127982959151268,0.12131019681692123,0.05380142480134964,0.1867360770702362,results/outputs/global_verify_components/pca/pca_global_train_seed42_layer14_eps0.5_k10_ambig_shared_flip_chosen_n800.pt,results/analysis/global_topN_component_alignment_sweep/figs/math_mc__scope-global__ptype-shared_flip__seed42__layer14__eps0.5__ambig__chosen__k2.png,shared_flip
math_mc,global,True,42,14,0.5,ambig,shared_flip,chosen,2,top5_by_explained_variance,"0,1,2,3,4",0.07926083463199912,200,0.1758960336446762,0.16565918922424316,0.09508255869150162,0.24625757336616516,results/outputs/global_verify_components/pca/pca_global_train_seed42_layer14_eps0.5_k10_ambig_shared_flip_chosen_n950.pt,results/analysis/global_topN_component_alignment_sweep/figs/math_mc__scope-global__ptype-shared_flip__seed42__layer14__eps0.5__ambig__chosen__k2.png,shared_flip
math_mc,global,True,42,14,0.5,ambig,shared_flip,rejected,2,top5_by_explained_variance,"0,1,2,3,4",-0.05072095989174506,200,0.17812244594097137,0.17128264904022217,0.07795971632003784,0.26606976985931396,results/outputs/global_verify_components/pca/pca_global_train_seed42_layer14_eps0.5_k10_ambig_shared_flip_rejected_n600.pt,results/analysis/global_topN_component_alignment_sweep/figs/math_mc__scope-global__ptype-shared_flip__seed42__layer14__eps0.5__ambig__rejected__k2.png,shared_flip
math_mc,global,True,42,14,0.5,ambig,shared_flip,rejected,2,top5_by_explained_variance,"0,1,2,3,4",-0.12386605084325952,200,0.20848418772220612,0.20918983221054077,0.09955193102359772,0.29992255568504333,results/outputs/global_verify_components/pca/pca_global_train_seed42_layer14_eps0.5_k10_ambig_shared_flip_rejected_n800.pt,results/analysis/global_topN_component_alignment_sweep/figs/math_mc__scope-global__ptype-shared_flip__seed42__layer14__eps0.5__ambig__rejected__k2.png,shared_flip
math_mc,global,True,42,14,0.5,ambig,shared_flip,rejected,2,top5_by_explained_variance,"0,1,2,3,4",-0.22780745231066143,200,0.22561241686344147,0.21921901404857635,0.15547361969947815,0.2971034646034241,results/outputs/global_verify_components/pca/pca_global_train_seed42_layer14_eps0.5_k10_ambig_shared_flip_rejected_n950.pt,results/analysis/global_topN_component_alignment_sweep/figs/math_mc__scope-global__ptype-shared_flip__seed42__layer14__eps0.5__ambig__rejected__k2.png,shared_flip
math_mc,global,True,42,14,0.5,ambig,shared_flip,chosen,3,top5_by_explained_variance,"0,1,2,3,4",0.12143794615838356,200,0.08956104516983032,0.07901006937026978,0.039176978170871735,0.12903407216072083,results/outputs/global_verify_components/pca/pca_global_train_seed42_layer14_eps0.5_k10_ambig_shared_flip_chosen_n600.pt,results/analysis/global_topN_component_alignment_sweep/figs/math_mc__scope-global__ptype-shared_flip__seed42__layer14__eps0.5__ambig__chosen__k3.png,shared_flip
math_mc,global,True,42,14,0.5,ambig,shared_flip,chosen,3,top5_by_explained_variance,"0,1,2,3,4",-0.08593534653125448,200,0.09127947688102722,0.07833874970674515,0.03607937693595886,0.13043811917304993,results/outputs/global_verify_components/pca/pca_global_train_seed42_layer14_eps0.5_k10_ambig_shared_flip_chosen_n800.pt,results/analysis/global_topN_component_alignment_sweep/figs/math_mc__scope-global__ptype-shared_flip__seed42__layer14__eps0.5__ambig__chosen__k3.png,shared_flip
math_mc,global,True,42,14,0.5,ambig,shared_flip,chosen,3,top5_by_explained_variance,"0,1,2,3,4",0.23026157979508102,200,0.09761153906583786,0.08078555762767792,0.04649475961923599,0.13907647132873535,results/outputs/global_verify_components/pca/pca_global_train_seed42_layer14_eps0.5_k10_ambig_shared_flip_chosen_n950.pt,results/analysis/global_topN_component_alignment_sweep/figs/math_mc__scope-global__ptype-shared_flip__seed42__layer14__eps0.5__ambig__chosen__k3.png,shared_flip
math_mc,global,True,42,14,0.5,ambig,shared_flip,rejected,3,top5_by_explained_variance,"0,1,2,3,4",-0.3027788756007136,200,0.1260053962469101,0.10071338713169098,0.05501503869891167,0.17164018750190735,results/outputs/global_verify_components/pca/pca_global_train_seed42_layer14_eps0.5_k10_ambig_shared_flip_rejected_n600.pt,results/analysis/global_topN_component_alignment_sweep/figs/math_mc__scope-global__ptype-shared_flip__seed42__layer14__eps0.5__ambig__rejected__k3.png,shared_flip
math_mc,global,True,42,14,0.5,ambig,shared_flip,rejected,3,top5_by_explained_variance,"0,1,2,3,4",-0.10831242069080162,200,0.14591841399669647,0.1367570161819458,0.05395849049091339,0.21714773774147034,results/outputs/global_verify_components/pca/pca_global_train_seed42_layer14_eps0.5_k10_ambig_shared_flip_rejected_n800.pt,results/analysis/global_topN_component_alignment_sweep/figs/math_mc__scope-global__ptype-shared_flip__seed42__layer14__eps0.5__ambig__rejected__k3.png,shared_flip
math_mc,global,True,42,14,0.5,ambig,shared_flip,rejected,3,top5_by_explained_variance,"0,1,2,3,4",-0.08990483049268688,200,0.12804025411605835,0.11368292570114136,0.06076483428478241,0.18250252306461334,results/outputs/global_verify_components/pca/pca_global_train_seed42_layer14_eps0.5_k10_ambig_shared_flip_rejected_n950.pt,results/analysis/global_topN_component_alignment_sweep/figs/math_mc__scope-global__ptype-shared_flip__seed42__layer14__eps0.5__ambig__rejected__k3.png,shared_flip
math_mc,global,True,42,14,0.5,ambig,shared_flip,chosen,4,top5_by_explained_variance,"0,1,2,3,4",0.24029521152697642,200,0.17022842168807983,0.16212914884090424,0.11972342431545258,0.2235071063041687,results/outputs/global_verify_components/pca/pca_global_train_seed42_layer14_eps0.5_k10_ambig_shared_flip_chosen_n600.pt,results/analysis/global_topN_component_alignment_sweep/figs/math_mc__scope-global__ptype-shared_flip__seed42__layer14__eps0.5__ambig__chosen__k4.png,shared_flip
math_mc,global,True,42,14,0.5,ambig,shared_flip,chosen,4,top5_by_explained_variance,"0,1,2,3,4",0.06850649165963728,200,0.08803770691156387,0.08017780631780624,0.03721844032406807,0.1229606419801712,results/outputs/global_verify_components/pca/pca_global_train_seed42_layer14_eps0.5_k10_ambig_shared_flip_chosen_n800.pt,results/analysis/global_topN_component_alignment_sweep/figs/math_mc__scope-global__ptype-shared_flip__seed42__layer14__eps0.5__ambig__chosen__k4.png,shared_flip
math_mc,global,True,42,14,0.5,ambig,shared_flip,chosen,4,top5_by_explained_variance,"0,1,2,3,4",0.10628073331458923,200,0.09088512510061264,0.08369887620210648,0.041412968188524246,0.12429609894752502,results/outputs/global_verify_components/pca/pca_global_train_seed42_layer14_eps0.5_k10_ambig_shared_flip_chosen_n950.pt,results/analysis/global_topN_component_alignment_sweep/figs/math_mc__scope-global__ptype-shared_flip__seed42__layer14__eps0.5__ambig__chosen__k4.png,shared_flip
math_mc,global,True,42,14,0.5,ambig,shared_flip,rejected,4,top5_by_explained_variance,"0,1,2,3,4",-0.09257102187438648,200,0.20433692634105682,0.20866431295871735,0.11253783851861954,0.30013352632522583,results/outputs/global_verify_components/pca/pca_global_train_seed42_layer14_eps0.5_k10_ambig_shared_flip_rejected_n600.pt,results/analysis/global_topN_component_alignment_sweep/figs/math_mc__scope-global__ptype-shared_flip__seed42__layer14__eps0.5__ambig__rejected__k4.png,shared_flip
math_mc,global,True,42,14,0.5,ambig,shared_flip,rejected,4,top5_by_explained_variance,"0,1,2,3,4",-0.2275454383398815,200,0.08354667574167252,0.06262645125389099,0.03030933439731598,0.11281470209360123,results/outputs/global_verify_components/pca/pca_global_train_seed42_layer14_eps0.5_k10_ambig_shared_flip_rejected_n800.pt,results/analysis/global_topN_component_alignment_sweep/figs/math_mc__scope-global__ptype-shared_flip__seed42__layer14__eps0.5__ambig__rejected__k4.png,shared_flip
math_mc,global,True,42,14,0.5,ambig,shared_flip,rejected,4,top5_by_explained_variance,"0,1,2,3,4",-0.12653591139088927,200,0.10247808694839478,0.09879171848297119,0.03726194426417351,0.14678983390331268,results/outputs/global_verify_components/pca/pca_global_train_seed42_layer14_eps0.5_k10_ambig_shared_flip_rejected_n950.pt,results/analysis/global_topN_component_alignment_sweep/figs/math_mc__scope-global__ptype-shared_flip__seed42__layer14__eps0.5__ambig__rejected__k4.png,shared_flip
math_mc,global,True,42,14,0.5,ambig,shared_noflip,chosen,0,top5_by_explained_variance,"0,1,2,3,4",0.6300260709660642,200,0.5990487337112427,0.7373028993606567,0.4855011999607086,0.7884343862533569,results/outputs/global_verify_components/pca/pca_global_train_seed42_layer14_eps0.5_k10_ambig_shared_noflip_chosen_n600.pt,results/analysis/global_topN_component_alignment_sweep/figs/math_mc__scope-global__ptype-shared_noflip__seed42__layer14__eps0.5__ambig__chosen__k0.png,shared_noflip
math_mc,global,True,42,14,0.5,ambig,shared_noflip,chosen,0,top5_by_explained_variance,"0,1,2,3,4",-0.6295983697604868,200,0.5990108251571655,0.7321418523788452,0.4969859719276428,0.783090353012085,results/outputs/global_verify_components/pca/pca_global_train_seed42_layer14_eps0.5_k10_ambig_shared_noflip_chosen_n800.pt,results/analysis/global_topN_component_alignment_sweep/figs/math_mc__scope-global__ptype-shared_noflip__seed42__layer14__eps0.5__ambig__chosen__k0.png,shared_noflip
math_mc,global,True,42,14,0.5,ambig,shared_noflip,chosen,0,top5_by_explained_variance,"0,1,2,3,4",-0.6266227851786763,200,0.6061728000640869,0.7425492405891418,0.4938731789588928,0.794003963470459,results/outputs/global_verify_components/pca/pca_global_train_seed42_layer14_eps0.5_k10_ambig_shared_noflip_chosen_n950.pt,results/analysis/global_topN_component_alignment_sweep/figs/math_mc__scope-global__ptype-shared_noflip__seed42__layer14__eps0.5__ambig__chosen__k0.png,shared_noflip
math_mc,global,True,42,14,0.5,ambig,shared_noflip,rejected,0,top5_by_explained_variance,"0,1,2,3,4",-0.6374205877890989,200,0.5687384605407715,0.6763800382614136,0.44353440403938293,0.7409322261810303,results/outputs/global_verify_components/pca/pca_global_train_seed42_layer14_eps0.5_k10_ambig_shared_noflip_rejected_n600.pt,results/analysis/global_topN_component_alignment_sweep/figs/math_mc__scope-global__ptype-shared_noflip__seed42__layer14__eps0.5__ambig__rejected__k0.png,shared_noflip
math_mc,global,True,42,14,0.5,ambig,shared_noflip,rejected,0,top5_by_explained_variance,"0,1,2,3,4",-0.6437355390530497,200,0.5674855709075928,0.6772971153259277,0.4434205889701843,0.7407428622245789,results/outputs/global_verify_components/pca/pca_global_train_seed42_layer14_eps0.5_k10_ambig_shared_noflip_rejected_n800.pt,results/analysis/global_topN_component_alignment_sweep/figs/math_mc__scope-global__ptype-shared_noflip__seed42__layer14__eps0.5__ambig__rejected__k0.png,shared_noflip
math_mc,global,True,42,14,0.5,ambig,shared_noflip,rejected,0,top5_by_explained_variance,"0,1,2,3,4",-0.6392740481963307,200,0.5745042562484741,0.6908491849899292,0.4276396632194519,0.7520056366920471,results/outputs/global_verify_components/pca/pca_global_train_seed42_layer14_eps0.5_k10_ambig_shared_noflip_rejected_n950.pt,results/analysis/global_topN_component_alignment_sweep/figs/math_mc__scope-global__ptype-shared_noflip__seed42__layer14__eps0.5__ambig__rejected__k0.png,shared_noflip
math_mc,global,True,42,14,0.5,ambig,shared_noflip,chosen,1,top5_by_explained_variance,"0,1,2,3,4",-0.19431746549084145,200,0.14970573782920837,0.13714994490146637,0.08268877118825912,0.21089674532413483,results/outputs/global_verify_components/pca/pca_global_train_seed42_layer14_eps0.5_k10_ambig_shared_noflip_chosen_n600.pt,results/analysis/global_topN_component_alignment_sweep/figs/math_mc__scope-global__ptype-shared_noflip__seed42__layer14__eps0.5__ambig__chosen__k1.png,shared_noflip
math_mc,global,True,42,14,0.5,ambig,shared_noflip,chosen,1,top5_by_explained_variance,"0,1,2,3,4",0.03413379522921612,200,0.12398950755596161,0.09819667041301727,0.04058844968676567,0.16792045533657074,results/outputs/global_verify_components/pca/pca_global_train_seed42_layer14_eps0.5_k10_ambig_shared_noflip_chosen_n800.pt,results/analysis/global_topN_component_alignment_sweep/figs/math_mc__scope-global__ptype-shared_noflip__seed42__layer14__eps0.5__ambig__chosen__k1.png,shared_noflip
math_mc,global,True,42,14,0.5,ambig,shared_noflip,chosen,1,top5_by_explained_variance,"0,1,2,3,4",0.1665594879303467,200,0.11328302323818207,0.08780655264854431,0.045407578349113464,0.15074044466018677,results/outputs/global_verify_components/pca/pca_global_train_seed42_layer14_eps0.5_k10_ambig_shared_noflip_chosen_n950.pt,results/analysis/global_topN_component_alignment_sweep/figs/math_mc__scope-global__ptype-shared_noflip__seed42__layer14__eps0.5__ambig__chosen__k1.png,shared_noflip
math_mc,global,True,42,14,0.5,ambig,shared_noflip,rejected,1,top5_by_explained_variance,"0,1,2,3,4",0.020047251032304054,200,0.15938465297222137,0.1428813934326172,0.06707054376602173,0.22715060412883759,results/outputs/global_verify_components/pca/pca_global_train_seed42_layer14_eps0.5_k10_ambig_shared_noflip_rejected_n600.pt,results/analysis/global_topN_component_alignment_sweep/figs/math_mc__scope-global__ptype-shared_noflip__seed42__layer14__eps0.5__ambig__rejected__k1.png,shared_noflip
math_mc,global,True,42,14,0.5,ambig,shared_noflip,rejected,1,top5_by_explained_variance,"0,1,2,3,4",0.12369098204393683,200,0.1623866856098175,0.13605493307113647,0.06616369634866714,0.23902906477451324,results/outputs/global_verify_components/pca/pca_global_train_seed42_layer14_eps0.5_k10_ambig_shared_noflip_rejected_n800.pt,results/analysis/global_topN_component_alignment_sweep/figs/math_mc__scope-global__ptype-shared_noflip__seed42__layer14__eps0.5__ambig__rejected__k1.png,shared_noflip
math_mc,global,True,42,14,0.5,ambig,shared_noflip,rejected,1,top5_by_explained_variance,"0,1,2,3,4",0.20695146207270337,200,0.15539957582950592,0.13606777787208557,0.06996754556894302,0.22115491330623627,results/outputs/global_verify_components/pca/pca_global_train_seed42_layer14_eps0.5_k10_ambig_shared_noflip_rejected_n950.pt,results/analysis/global_topN_component_alignment_sweep/figs/math_mc__scope-global__ptype-shared_noflip__seed42__layer14__eps0.5__ambig__rejected__k1.png,shared_noflip
math_mc,global,True,42,14,0.5,ambig,shared_noflip,chosen,2,top5_by_explained_variance,"0,1,2,3,4",-0.06754086043871739,200,0.17702870070934296,0.1317182332277298,0.060636620968580246,0.24149920046329498,results/outputs/global_verify_components/pca/pca_global_train_seed42_layer14_eps0.5_k10_ambig_shared_noflip_chosen_n600.pt,results/analysis/global_topN_component_alignment_sweep/figs/math_mc__scope-global__ptype-shared_noflip__seed42__layer14__eps0.5__ambig__chosen__k2.png,shared_noflip
math_mc,global,True,42,14,0.5,ambig,shared_noflip,chosen,2,top5_by_explained_variance,"0,1,2,3,4",0.013377614374476316,200,0.18428801000118256,0.16676482558250427,0.07296758890151978,0.2616194486618042,results/outputs/global_verify_components/pca/pca_global_train_seed42_layer14_eps0.5_k10_ambig_shared_noflip_chosen_n800.pt,results/analysis/global_topN_component_alignment_sweep/figs/math_mc__scope-global__ptype-shared_noflip__seed42__layer14__eps0.5__ambig__chosen__k2.png,shared_noflip
math_mc,global,True,42,14,0.5,ambig,shared_noflip,chosen,2,top5_by_explained_variance,"0,1,2,3,4",0.07138245537138714,200,0.13835792243480682,0.12195155024528503,0.06175133213400841,0.19201429188251495,results/outputs/global_verify_components/pca/pca_global_train_seed42_layer14_eps0.5_k10_ambig_shared_noflip_chosen_n950.pt,results/analysis/global_topN_component_alignment_sweep/figs/math_mc__scope-global__ptype-shared_noflip__seed42__layer14__eps0.5__ambig__chosen__k2.png,shared_noflip
math_mc,global,True,42,14,0.5,ambig,shared_noflip,rejected,2,top5_by_explained_variance,"0,1,2,3,4",-0.016596046744152687,200,0.20274685323238373,0.19183944165706635,0.08343980461359024,0.30845311284065247,results/outputs/global_verify_components/pca/pca_global_train_seed42_layer14_eps0.5_k10_ambig_shared_noflip_rejected_n600.pt,results/analysis/global_topN_component_alignment_sweep/figs/math_mc__scope-global__ptype-shared_noflip__seed42__layer14__eps0.5__ambig__rejected__k2.png,shared_noflip
math_mc,global,True,42,14,0.5,ambig,shared_noflip,rejected,2,top5_by_explained_variance,"0,1,2,3,4",0.049766041875580876,200,0.21114999055862427,0.20211605727672577,0.08865781873464584,0.3230624198913574,results/outputs/global_verify_components/pca/pca_global_train_seed42_layer14_eps0.5_k10_ambig_shared_noflip_rejected_n800.pt,results/analysis/global_topN_component_alignment_sweep/figs/math_mc__scope-global__ptype-shared_noflip__seed42__layer14__eps0.5__ambig__rejected__k2.png,shared_noflip
math_mc,global,True,42,14,0.5,ambig,shared_noflip,rejected,2,top5_by_explained_variance,"0,1,2,3,4",-0.17411029141280837,200,0.08453778177499771,0.06862552464008331,0.03558531776070595,0.12758593261241913,results/outputs/global_verify_components/pca/pca_global_train_seed42_layer14_eps0.5_k10_ambig_shared_noflip_rejected_n950.pt,results/analysis/global_topN_component_alignment_sweep/figs/math_mc__scope-global__ptype-shared_noflip__seed42__layer14__eps0.5__ambig__rejected__k2.png,shared_noflip
math_mc,global,True,42,14,0.5,ambig,shared_noflip,chosen,3,top5_by_explained_variance,"0,1,2,3,4",-0.3621034194890583,200,0.1520337611436844,0.14076602458953857,0.0771513357758522,0.19782654941082,results/outputs/global_verify_components/pca/pca_global_train_seed42_layer14_eps0.5_k10_ambig_shared_noflip_chosen_n600.pt,results/analysis/global_topN_component_alignment_sweep/figs/math_mc__scope-global__ptype-shared_noflip__seed42__layer14__eps0.5__ambig__chosen__k3.png,shared_noflip
math_mc,global,True,42,14,0.5,ambig,shared_noflip,chosen,3,top5_by_explained_variance,"0,1,2,3,4",-0.24443642422932685,200,0.1509266048669815,0.13309019804000854,0.07534466683864594,0.20855963230133057,results/outputs/global_verify_components/pca/pca_global_train_seed42_layer14_eps0.5_k10_ambig_shared_noflip_chosen_n800.pt,results/analysis/global_topN_component_alignment_sweep/figs/math_mc__scope-global__ptype-shared_noflip__seed42__layer14__eps0.5__ambig__chosen__k3.png,shared_noflip
math_mc,global,True,42,14,0.5,ambig,shared_noflip,chosen,3,top5_by_explained_variance,"0,1,2,3,4",0.07099486654928502,200,0.16626714169979095,0.15352150797843933,0.08102310448884964,0.24232326447963715,results/outputs/global_verify_components/pca/pca_global_train_seed42_layer14_eps0.5_k10_ambig_shared_noflip_chosen_n950.pt,results/analysis/global_topN_component_alignment_sweep/figs/math_mc__scope-global__ptype-shared_noflip__seed42__layer14__eps0.5__ambig__chosen__k3.png,shared_noflip
math_mc,global,True,42,14,0.5,ambig,shared_noflip,rejected,3,top5_by_explained_variance,"0,1,2,3,4",0.4152612409930264,200,0.11882343143224716,0.10750313848257065,0.04663362354040146,0.16713759303092957,results/outputs/global_verify_components/pca/pca_global_train_seed42_layer14_eps0.5_k10_ambig_shared_noflip_rejected_n600.pt,results/analysis/global_topN_component_alignment_sweep/figs/math_mc__scope-global__ptype-shared_noflip__seed42__layer14__eps0.5__ambig__rejected__k3.png,shared_noflip
math_mc,global,True,42,14,0.5,ambig,shared_noflip,rejected,3,top5_by_explained_variance,"0,1,2,3,4",0.29334988931275024,200,0.115976981818676,0.0991772711277008,0.04811376333236694,0.15540367364883423,results/outputs/global_verify_components/pca/pca_global_train_seed42_layer14_eps0.5_k10_ambig_shared_noflip_rejected_n800.pt,results/analysis/global_topN_component_alignment_sweep/figs/math_mc__scope-global__ptype-shared_noflip__seed42__layer14__eps0.5__ambig__rejected__k3.png,shared_noflip
math_mc,global,True,42,14,0.5,ambig,shared_noflip,rejected,3,top5_by_explained_variance,"0,1,2,3,4",0.08023621652899342,200,0.2130618542432785,0.2034231424331665,0.09578769654035568,0.3246881067752838,results/outputs/global_verify_components/pca/pca_global_train_seed42_layer14_eps0.5_k10_ambig_shared_noflip_rejected_n950.pt,results/analysis/global_topN_component_alignment_sweep/figs/math_mc__scope-global__ptype-shared_noflip__seed42__layer14__eps0.5__ambig__rejected__k3.png,shared_noflip
math_mc,global,True,42,14,0.5,ambig,shared_noflip,chosen,4,top5_by_explained_variance,"0,1,2,3,4",-0.3083176190902713,200,0.12634433805942535,0.12235494703054428,0.07259437441825867,0.18041260540485382,results/outputs/global_verify_components/pca/pca_global_train_seed42_layer14_eps0.5_k10_ambig_shared_noflip_chosen_n600.pt,results/analysis/global_topN_component_alignment_sweep/figs/math_mc__scope-global__ptype-shared_noflip__seed42__layer14__eps0.5__ambig__chosen__k4.png,shared_noflip
math_mc,global,True,42,14,0.5,ambig,shared_noflip,chosen,4,top5_by_explained_variance,"0,1,2,3,4",0.3753231906216076,200,0.15946972370147705,0.14961640536785126,0.08539604395627975,0.21486562490463257,results/outputs/global_verify_components/pca/pca_global_train_seed42_layer14_eps0.5_k10_ambig_shared_noflip_chosen_n800.pt,results/analysis/global_topN_component_alignment_sweep/figs/math_mc__scope-global__ptype-shared_noflip__seed42__layer14__eps0.5__ambig__chosen__k4.png,shared_noflip
math_mc,global,True,42,14,0.5,ambig,shared_noflip,chosen,4,top5_by_explained_variance,"0,1,2,3,4",-0.3222555046700033,200,0.14366082847118378,0.1425626277923584,0.08183106034994125,0.19745296239852905,results/outputs/global_verify_components/pca/pca_global_train_seed42_layer14_eps0.5_k10_ambig_shared_noflip_chosen_n950.pt,results/analysis/global_topN_component_alignment_sweep/figs/math_mc__scope-global__ptype-shared_noflip__seed42__layer14__eps0.5__ambig__chosen__k4.png,shared_noflip
math_mc,global,True,42,14,0.5,ambig,shared_noflip,rejected,4,top5_by_explained_variance,"0,1,2,3,4",-0.3771815181732476,200,0.19359508156776428,0.20413678884506226,0.09212442487478256,0.26685893535614014,results/outputs/global_verify_components/pca/pca_global_train_seed42_layer14_eps0.5_k10_ambig_shared_noflip_rejected_n600.pt,results/analysis/global_topN_component_alignment_sweep/figs/math_mc__scope-global__ptype-shared_noflip__seed42__layer14__eps0.5__ambig__rejected__k4.png,shared_noflip
math_mc,global,True,42,14,0.5,ambig,shared_noflip,rejected,4,top5_by_explained_variance,"0,1,2,3,4",-0.34980513368099014,200,0.16346845030784607,0.1530853509902954,0.08019967377185822,0.2349044382572174,results/outputs/global_verify_components/pca/pca_global_train_seed42_layer14_eps0.5_k10_ambig_shared_noflip_rejected_n800.pt,results/analysis/global_topN_component_alignment_sweep/figs/math_mc__scope-global__ptype-shared_noflip__seed42__layer14__eps0.5__ambig__rejected__k4.png,shared_noflip
math_mc,global,True,42,14,0.5,ambig,shared_noflip,rejected,4,top5_by_explained_variance,"0,1,2,3,4",-0.1378300165493673,200,0.11087264120578766,0.0968678891658783,0.05282053351402283,0.15517234802246094,results/outputs/global_verify_components/pca/pca_global_train_seed42_layer14_eps0.5_k10_ambig_shared_noflip_rejected_n950.pt,results/analysis/global_topN_component_alignment_sweep/figs/math_mc__scope-global__ptype-shared_noflip__seed42__layer14__eps0.5__ambig__rejected__k4.png,shared_noflip
mmlu,global,True,42,14,0.5,ambig,separate,chosen,0,top5_by_explained_variance,"0,1,2,3,4",0.1300808083669233,200,0.07920000702142715,0.05971307307481766,0.0315946489572525,0.09864791482686996,results/outputs/global_verify_components/pca/pca_global_train_seed42_layer14_eps0.5_k10_ambig_separate_chosen_n800.pt,results/analysis/global_topN_component_alignment_sweep/figs/mmlu__scope-global__ptype-separate__seed42__layer14__eps0.5__ambig__chosen__k0.png,separate
mmlu,global,True,42,14,0.5,ambig,separate,chosen,0,top5_by_explained_variance,"0,1,2,3,4",0.013395159515073307,200,0.2259208709001541,0.23274317383766174,0.15836480259895325,0.28345370292663574,results/outputs/global_verify_components/pca/pca_global_train_seed42_layer14_eps0.5_k10_ambig_separate_chosen_n950.pt,results/analysis/global_topN_component_alignment_sweep/figs/mmlu__scope-global__ptype-separate__seed42__layer14__eps0.5__ambig__chosen__k0.png,separate
mmlu,global,True,42,14,0.5,ambig,separate,rejected,0,top5_by_explained_variance,"0,1,2,3,4",0.10789736377961578,200,0.1863136887550354,0.1992015242576599,0.13051381707191467,0.2469034641981125,results/outputs/global_verify_components/pca/pca_global_train_seed42_layer14_eps0.5_k10_ambig_separate_rejected_n800.pt,results/analysis/global_topN_component_alignment_sweep/figs/mmlu__scope-global__ptype-separate__seed42__layer14__eps0.5__ambig__rejected__k0.png,separate
mmlu,global,True,42,14,0.5,ambig,separate,rejected,0,top5_by_explained_variance,"0,1,2,3,4",0.10415667406649597,200,0.2936229705810547,0.3040662407875061,0.23339331150054932,0.35277259349823,results/outputs/global_verify_components/pca/pca_global_train_seed42_layer14_eps0.5_k10_ambig_separate_rejected_n950.pt,results/analysis/global_topN_component_alignment_sweep/figs/mmlu__scope-global__ptype-separate__seed42__layer14__eps0.5__ambig__rejected__k0.png,separate
mmlu,global,True,42,14,0.5,ambig,separate,chosen,1,top5_by_explained_variance,"0,1,2,3,4",-0.11338250461964375,200,0.23866763710975647,0.22904859483242035,0.13403908908367157,0.3434571325778961,results/outputs/global_verify_components/pca/pca_global_train_seed42_layer14_eps0.5_k10_ambig_separate_chosen_n800.pt,results/analysis/global_topN_component_alignment_sweep/figs/mmlu__scope-global__ptype-separate__seed42__layer14__eps0.5__ambig__chosen__k1.png,separate
mmlu,global,True,42,14,0.5,ambig,separate,chosen,1,top5_by_explained_variance,"0,1,2,3,4",0.3811208239855226,200,0.3098645806312561,0.3235011696815491,0.28124183416366577,0.3504493236541748,results/outputs/global_verify_components/pca/pca_global_train_seed42_layer14_eps0.5_k10_ambig_separate_chosen_n950.pt,results/analysis/global_topN_component_alignment_sweep/figs/mmlu__scope-global__ptype-separate__seed42__layer14__eps0.5__ambig__chosen__k1.png,separate
mmlu,global,True,42,14,0.5,ambig,separate,rejected,1,top5_by_explained_variance,"0,1,2,3,4",0.011098357829681209,200,0.23303352296352386,0.2220572978258133,0.12656629085540771,0.3357912600040436,results/outputs/global_verify_components/pca/pca_global_train_seed42_layer14_eps0.5_k10_ambig_separate_rejected_n800.pt,results/analysis/global_topN_component_alignment_sweep/figs/mmlu__scope-global__ptype-separate__seed42__layer14__eps0.5__ambig__rejected__k1.png,separate
mmlu,global,True,42,14,0.5,ambig,separate,rejected,1,top5_by_explained_variance,"0,1,2,3,4",0.0843827608387991,200,0.27356091141700745,0.28864219784736633,0.2115824967622757,0.36549293994903564,results/outputs/global_verify_components/pca/pca_global_train_seed42_layer14_eps0.5_k10_ambig_separate_rejected_n950.pt,results/analysis/global_topN_component_alignment_sweep/figs/mmlu__scope-global__ptype-separate__seed42__layer14__eps0.5__ambig__rejected__k1.png,separate
mmlu,global,True,42,14,0.5,ambig,separate,chosen,2,top5_by_explained_variance,"0,1,2,3,4",-0.4015429255985305,200,0.16014888882637024,0.1335514783859253,0.07426174730062485,0.26373299956321716,results/outputs/global_verify_components/pca/pca_global_train_seed42_layer14_eps0.5_k10_ambig_separate_chosen_n800.pt,results/analysis/global_topN_component_alignment_sweep/figs/mmlu__scope-global__ptype-separate__seed42__layer14__eps0.5__ambig__chosen__k2.png,separate
mmlu,global,True,42,14,0.5,ambig,separate,chosen,2,top5_by_explained_variance,"0,1,2,3,4",-0.10687989224231252,200,0.16950899362564087,0.17018774151802063,0.09067225456237793,0.23880824446678162,results/outputs/global_verify_components/pca/pca_global_train_seed42_layer14_eps0.5_k10_ambig_separate_chosen_n950.pt,results/analysis/global_topN_component_alignment_sweep/figs/mmlu__scope-global__ptype-separate__seed42__layer14__eps0.5__ambig__chosen__k2.png,separate
mmlu,global,True,42,14,0.5,ambig,separate,rejected,2,top5_by_explained_variance,"0,1,2,3,4",-0.358353785622496,200,0.08384208381175995,0.07040660083293915,0.027260631322860718,0.11036452651023865,results/outputs/global_verify_components/pca/pca_global_train_seed42_layer14_eps0.5_k10_ambig_separate_rejected_n800.pt,results/analysis/global_topN_component_alignment_sweep/figs/mmlu__scope-global__ptype-separate__seed42__layer14__eps0.5__ambig__rejected__k2.png,separate
mmlu,global,True,42,14,0.5,ambig,separate,rejected,2,top5_by_explained_variance,"0,1,2,3,4",0.05254725930212076,200,0.14581763744354248,0.1186184287071228,0.0566897876560688,0.21554987132549286,results/outputs/global_verify_components/pca/pca_global_train_seed42_layer14_eps0.5_k10_ambig_separate_rejected_n950.pt,results/analysis/global_topN_component_alignment_sweep/figs/mmlu__scope-global__ptype-separate__seed42__layer14__eps0.5__ambig__rejected__k2.png,separate
mmlu,global,True,42,14,0.5,ambig,separate,chosen,3,top5_by_explained_variance,"0,1,2,3,4",-0.04057834536846465,200,0.05993201211094856,0.05074496939778328,0.024516424164175987,0.07788079977035522,results/outputs/global_verify_components/pca/pca_global_train_seed42_layer14_eps0.5_k10_ambig_separate_chosen_n800.pt,results/analysis/global_topN_component_alignment_sweep/figs/mmlu__scope-global__ptype-separate__seed42__layer14__eps0.5__ambig__chosen__k3.png,separate
mmlu,global,True,42,14,0.5,ambig,separate,chosen,3,top5_by_explained_variance,"0,1,2,3,4",0.3082259952122006,200,0.30036887526512146,0.30453723669052124,0.25990015268325806,0.3417593240737915,results/outputs/global_verify_components/pca/pca_global_train_seed42_layer14_eps0.5_k10_ambig_separate_chosen_n950.pt,results/analysis/global_topN_component_alignment_sweep/figs/mmlu__scope-global__ptype-separate__seed42__layer14__eps0.5__ambig__chosen__k3.png,separate
mmlu,global,True,42,14,0.5,ambig,separate,rejected,3,top5_by_explained_variance,"0,1,2,3,4",0.12720109757431608,200,0.12995636463165283,0.12418535351753235,0.05299479141831398,0.1776912659406662,results/outputs/global_verify_components/pca/pca_global_train_seed42_layer14_eps0.5_k10_ambig_separate_rejected_n800.pt,results/analysis/global_topN_component_alignment_sweep/figs/mmlu__scope-global__ptype-separate__seed42__layer14__eps0.5__ambig__rejected__k3.png,separate
mmlu,global,True,42,14,0.5,ambig,separate,rejected,3,top5_by_explained_variance,"0,1,2,3,4",-0.35671273181615953,200,0.12007790803909302,0.11267290264368057,0.060920313000679016,0.16893845796585083,results/outputs/global_verify_components/pca/pca_global_train_seed42_layer14_eps0.5_k10_ambig_separate_rejected_n950.pt,results/analysis/global_topN_component_alignment_sweep/figs/mmlu__scope-global__ptype-separate__seed42__layer14__eps0.5__ambig__rejected__k3.png,separate
mmlu,global,True,42,14,0.5,ambig,separate,chosen,4,top5_by_explained_variance,"0,1,2,3,4",0.3924841492920323,200,0.1616266965866089,0.1632293462753296,0.11568688601255417,0.20769518613815308,results/outputs/global_verify_components/pca/pca_global_train_seed42_layer14_eps0.5_k10_ambig_separate_chosen_n800.pt,results/analysis/global_topN_component_alignment_sweep/figs/mmlu__scope-global__ptype-separate__seed42__layer14__eps0.5__ambig__chosen__k4.png,separate
mmlu,global,True,42,14,0.5,ambig,separate,chosen,4,top5_by_explained_variance,"0,1,2,3,4",0.3383133444485797,200,0.10935521870851517,0.09265881776809692,0.042071159929037094,0.1567128300666809,results/outputs/global_verify_components/pca/pca_global_train_seed42_layer14_eps0.5_k10_ambig_separate_chosen_n950.pt,results/analysis/global_topN_component_alignment_sweep/figs/mmlu__scope-global__ptype-separate__seed42__layer14__eps0.5__ambig__chosen__k4.png,separate
mmlu,global,True,42,14,0.5,ambig,separate,rejected,4,top5_by_explained_variance,"0,1,2,3,4",0.14332241953041502,200,0.08785417675971985,0.08696432411670685,0.04453641548752785,0.12616874277591705,results/outputs/global_verify_components/pca/pca_global_train_seed42_layer14_eps0.5_k10_ambig_separate_rejected_n800.pt,results/analysis/global_topN_component_alignment_sweep/figs/mmlu__scope-global__ptype-separate__seed42__layer14__eps0.5__ambig__rejected__k4.png,separate
mmlu,global,True,42,14,0.5,ambig,separate,rejected,4,top5_by_explained_variance,"0,1,2,3,4",0.0929783904700325,200,0.07556679099798203,0.06829480826854706,0.030505213886499405,0.10780323296785355,results/outputs/global_verify_components/pca/pca_global_train_seed42_layer14_eps0.5_k10_ambig_separate_rejected_n950.pt,results/analysis/global_topN_component_alignment_sweep/figs/mmlu__scope-global__ptype-separate__seed42__layer14__eps0.5__ambig__rejected__k4.png,separate
mmlu,global,True,42,14,0.5,ambig,shared_flip,chosen,0,top5_by_explained_variance,"0,1,2,3,4",0.1868088960849477,200,0.07830144464969635,0.05874721705913544,0.024075571447610855,0.10716700553894043,results/outputs/global_verify_components/pca/pca_global_train_seed42_layer14_eps0.5_k10_ambig_shared_flip_chosen_n800.pt,results/analysis/global_topN_component_alignment_sweep/figs/mmlu__scope-global__ptype-shared_flip__seed42__layer14__eps0.5__ambig__chosen__k0.png,shared_flip
mmlu,global,True,42,14,0.5,ambig,shared_flip,chosen,0,top5_by_explained_variance,"0,1,2,3,4",0.11395939673189714,200,0.18476049602031708,0.18557675182819366,0.11955629289150238,0.23845262825489044,results/outputs/global_verify_components/pca/pca_global_train_seed42_layer14_eps0.5_k10_ambig_shared_flip_chosen_n950.pt,results/analysis/global_topN_component_alignment_sweep/figs/mmlu__scope-global__ptype-shared_flip__seed42__layer14__eps0.5__ambig__chosen__k0.png,shared_flip
mmlu,global,True,42,14,0.5,ambig,shared_flip,rejected,0,top5_by_explained_variance,"0,1,2,3,4",0.19314853117816547,200,0.16782674193382263,0.17643636465072632,0.11735305190086365,0.21842597424983978,results/outputs/global_verify_components/pca/pca_global_train_seed42_layer14_eps0.5_k10_ambig_shared_flip_rejected_n800.pt,results/analysis/global_topN_component_alignment_sweep/figs/mmlu__scope-global__ptype-shared_flip__seed42__layer14__eps0.5__ambig__rejected__k0.png,shared_flip
mmlu,global,True,42,14,0.5,ambig,shared_flip,rejected,0,top5_by_explained_variance,"0,1,2,3,4",0.11794287357263,200,0.28115519881248474,0.2873389422893524,0.22360126674175262,0.34199902415275574,results/outputs/global_verify_components/pca/pca_global_train_seed42_layer14_eps0.5_k10_ambig_shared_flip_rejected_n950.pt,results/analysis/global_topN_component_alignment_sweep/figs/mmlu__scope-global__ptype-shared_flip__seed42__layer14__eps0.5__ambig__rejected__k0.png,shared_flip
mmlu,global,True,42,14,0.5,ambig,shared_flip,chosen,1,top5_by_explained_variance,"0,1,2,3,4",-0.042175140452385865,200,0.24116991460323334,0.22936204075813293,0.13622500002384186,0.3561711013317108,results/outputs/global_verify_components/pca/pca_global_train_seed42_layer14_eps0.5_k10_ambig_shared_flip_chosen_n800.pt,results/analysis/global_topN_component_alignment_sweep/figs/mmlu__scope-global__ptype-shared_flip__seed42__layer14__eps0.5__ambig__chosen__k1.png,shared_flip
mmlu,global,True,42,14,0.5,ambig,shared_flip,chosen,1,top5_by_explained_variance,"0,1,2,3,4",0.2598433533703858,200,0.30013325810432434,0.3117159903049469,0.25788938999176025,0.35381051898002625,results/outputs/global_verify_components/pca/pca_global_train_seed42_layer14_eps0.5_k10_ambig_shared_flip_chosen_n950.pt,results/analysis/global_topN_component_alignment_sweep/figs/mmlu__scope-global__ptype-shared_flip__seed42__layer14__eps0.5__ambig__chosen__k1.png,shared_flip
mmlu,global,True,42,14,0.5,ambig,shared_flip,rejected,1,top5_by_explained_variance,"0,1,2,3,4",0.10516026165320651,200,0.20963434875011444,0.19827543199062347,0.11465153843164444,0.2985396981239319,results/outputs/global_verify_components/pca/pca_global_train_seed42_layer14_eps0.5_k10_ambig_shared_flip_rejected_n800.pt,results/analysis/global_topN_component_alignment_sweep/figs/mmlu__scope-global__ptype-shared_flip__seed42__layer14__eps0.5__ambig__rejected__k1.png,shared_flip
mmlu,global,True,42,14,0.5,ambig,shared_flip,rejected,1,top5_by_explained_variance,"0,1,2,3,4",0.14383770431749893,200,0.26944786310195923,0.282090961933136,0.18641191720962524,0.3567322790622711,results/outputs/global_verify_components/pca/pca_global_train_seed42_layer14_eps0.5_k10_ambig_shared_flip_rejected_n950.pt,results/analysis/global_topN_component_alignment_sweep/figs/mmlu__scope-global__ptype-shared_flip__seed42__layer14__eps0.5__ambig__rejected__k1.png,shared_flip
mmlu,global,True,42,14,0.5,ambig,shared_flip,chosen,2,top5_by_explained_variance,"0,1,2,3,4",0.379456244486032,200,0.1321730613708496,0.11203718185424805,0.0540677085518837,0.20484015345573425,results/outputs/global_verify_components/pca/pca_global_train_seed42_layer14_eps0.5_k10_ambig_shared_flip_chosen_n800.pt,results/analysis/global_topN_component_alignment_sweep/figs/mmlu__scope-global__ptype-shared_flip__seed42__layer14__eps0.5__ambig__chosen__k2.png,shared_flip
mmlu,global,True,42,14,0.5,ambig,shared_flip,chosen,2,top5_by_explained_variance,"0,1,2,3,4",-0.03701772838811604,200,0.1542883962392807,0.14712458848953247,0.07396949827671051,0.23231658339500427,results/outputs/global_verify_components/pca/pca_global_train_seed42_layer14_eps0.5_k10_ambig_shared_flip_chosen_n950.pt,results/analysis/global_topN_component_alignment_sweep/figs/mmlu__scope-global__ptype-shared_flip__seed42__layer14__eps0.5__ambig__chosen__k2.png,shared_flip
mmlu,global,True,42,14,0.5,ambig,shared_flip,rejected,2,top5_by_explained_variance,"0,1,2,3,4",-0.33839802109409245,200,0.09899789094924927,0.08638078719377518,0.02704802341759205,0.15533894300460815,results/outputs/global_verify_components/pca/pca_global_train_seed42_layer14_eps0.5_k10_ambig_shared_flip_rejected_n800.pt,results/analysis/global_topN_component_alignment_sweep/figs/mmlu__scope-global__ptype-shared_flip__seed42__layer14__eps0.5__ambig__rejected__k2.png,shared_flip
mmlu,global,True,42,14,0.5,ambig,shared_flip,rejected,2,top5_by_explained_variance,"0,1,2,3,4",-0.1759214883600053,200,0.1357296109199524,0.11068382859230042,0.052702635526657104,0.2046651840209961,results/outputs/global_verify_components/pca/pca_global_train_seed42_layer14_eps0.5_k10_ambig_shared_flip_rejected_n950.pt,results/analysis/global_topN_component_alignment_sweep/figs/mmlu__scope-global__ptype-shared_flip__seed42__layer14__eps0.5__ambig__rejected__k2.png,shared_flip
mmlu,global,True,42,14,0.5,ambig,shared_flip,chosen,3,top5_by_explained_variance,"0,1,2,3,4",-0.004439279001273224,200,0.0735824853181839,0.057130515575408936,0.02473541349172592,0.09356524050235748,results/outputs/global_verify_components/pca/pca_global_train_seed42_layer14_eps0.5_k10_ambig_shared_flip_chosen_n800.pt,results/analysis/global_topN_component_alignment_sweep/figs/mmlu__scope-global__ptype-shared_flip__seed42__layer14__eps0.5__ambig__chosen__k3.png,shared_flip
mmlu,global,True,42,14,0.5,ambig,shared_flip,chosen,3,top5_by_explained_variance,"0,1,2,3,4",0.37596205415503614,200,0.19737747311592102,0.20357289910316467,0.11788129806518555,0.2718202471733093,results/outputs/global_verify_components/pca/pca_global_train_seed42_layer14_eps0.5_k10_ambig_shared_flip_chosen_n950.pt,results/analysis/global_topN_component_alignment_sweep/figs/mmlu__scope-global__ptype-shared_flip__seed42__layer14__eps0.5__ambig__chosen__k3.png,shared_flip
mmlu,global,True,42,14,0.5,ambig,shared_flip,rejected,3,top5_by_explained_variance,"0,1,2,3,4",-0.03711964620676019,200,0.14443618059158325,0.14171284437179565,0.07755964249372482,0.18829810619354248,results/outputs/global_verify_components/pca/pca_global_train_seed42_layer14_eps0.5_k10_ambig_shared_flip_rejected_n800.pt,results/analysis/global_topN_component_alignment_sweep/figs/mmlu__scope-global__ptype-shared_flip__seed42__layer14__eps0.5__ambig__rejected__k3.png,shared_flip
mmlu,global,True,42,14,0.5,ambig,shared_flip,rejected,3,top5_by_explained_variance,"0,1,2,3,4",-0.3165549208743372,200,0.18696090579032898,0.1873173713684082,0.11097919940948486,0.2517094910144806,results/outputs/global_verify_components/pca/pca_global_train_seed42_layer14_eps0.5_k10_ambig_shared_flip_rejected_n950.pt,results/analysis/global_topN_component_alignment_sweep/figs/mmlu__scope-global__ptype-shared_flip__seed42__layer14__eps0.5__ambig__rejected__k3.png,shared_flip
mmlu,global,True,42,14,0.5,ambig,shared_flip,chosen,4,top5_by_explained_variance,"0,1,2,3,4",-0.02149399696296002,200,0.05525772273540497,0.03212595358490944,0.013297054916620255,0.05944066494703293,results/outputs/global_verify_components/pca/pca_global_train_seed42_layer14_eps0.5_k10_ambig_shared_flip_chosen_n800.pt,results/analysis/global_topN_component_alignment_sweep/figs/mmlu__scope-global__ptype-shared_flip__seed42__layer14__eps0.5__ambig__chosen__k4.png,shared_flip
mmlu,global,True,42,14,0.5,ambig,shared_flip,chosen,4,top5_by_explained_variance,"0,1,2,3,4",0.11986606312347547,200,0.06779835373163223,0.049291349947452545,0.02849251590669155,0.09564085304737091,results/outputs/global_verify_components/pca/pca_global_train_seed42_layer14_eps0.5_k10_ambig_shared_flip_chosen_n950.pt,results/analysis/global_topN_component_alignment_sweep/figs/mmlu__scope-global__ptype-shared_flip__seed42__layer14__eps0.5__ambig__chosen__k4.png,shared_flip
mmlu,global,True,42,14,0.5,ambig,shared_flip,rejected,4,top5_by_explained_variance,"0,1,2,3,4",-0.047061082969899894,200,0.10526575148105621,0.0827447697520256,0.054758135229349136,0.12318643182516098,results/outputs/global_verify_components/pca/pca_global_train_seed42_layer14_eps0.5_k10_ambig_shared_flip_rejected_n800.pt,results/analysis/global_topN_component_alignment_sweep/figs/mmlu__scope-global__ptype-shared_flip__seed42__layer14__eps0.5__ambig__rejected__k4.png,shared_flip
mmlu,global,True,42,14,0.5,ambig,shared_flip,rejected,4,top5_by_explained_variance,"0,1,2,3,4",-0.1607799412521185,200,0.06781552731990814,0.051302649080753326,0.02461792714893818,0.0902925506234169,results/outputs/global_verify_components/pca/pca_global_train_seed42_layer14_eps0.5_k10_ambig_shared_flip_rejected_n950.pt,results/analysis/global_topN_component_alignment_sweep/figs/mmlu__scope-global__ptype-shared_flip__seed42__layer14__eps0.5__ambig__rejected__k4.png,shared_flip
mmlu,global,True,42,14,0.5,ambig,shared_noflip,chosen,0,top5_by_explained_variance,"0,1,2,3,4",-0.6609965674059434,200,0.5595530867576599,0.6603721976280212,0.3041660487651825,0.7466808557510376,results/outputs/global_verify_components/pca/pca_global_train_seed42_layer14_eps0.5_k10_ambig_shared_noflip_chosen_n800.pt,results/analysis/global_topN_component_alignment_sweep/figs/mmlu__scope-global__ptype-shared_noflip__seed42__layer14__eps0.5__ambig__chosen__k0.png,shared_noflip
mmlu,global,True,42,14,0.5,ambig,shared_noflip,chosen,0,top5_by_explained_variance,"0,1,2,3,4",-0.6622181691175435,200,0.5699435472488403,0.6859471797943115,0.30254578590393066,0.7588509917259216,results/outputs/global_verify_components/pca/pca_global_train_seed42_layer14_eps0.5_k10_ambig_shared_noflip_chosen_n950.pt,results/analysis/global_topN_component_alignment_sweep/figs/mmlu__scope-global__ptype-shared_noflip__seed42__layer14__eps0.5__ambig__chosen__k0.png,shared_noflip
mmlu,global,True,42,14,0.5,ambig,shared_noflip,rejected,0,top5_by_explained_variance,"0,1,2,3,4",-0.6078116976040547,200,0.5193443894386292,0.5982367992401123,0.32527101039886475,0.6817895174026489,results/outputs/global_verify_components/pca/pca_global_train_seed42_layer14_eps0.5_k10_ambig_shared_noflip_rejected_n800.pt,results/analysis/global_topN_component_alignment_sweep/figs/mmlu__scope-global__ptype-shared_noflip__seed42__layer14__eps0.5__ambig__rejected__k0.png,shared_noflip
mmlu,global,True,42,14,0.5,ambig,shared_noflip,rejected,0,top5_by_explained_variance,"0,1,2,3,4",-0.6212601853330225,200,0.5483576059341431,0.6502543687820435,0.3200276792049408,0.7220352292060852,results/outputs/global_verify_components/pca/pca_global_train_seed42_layer14_eps0.5_k10_ambig_shared_noflip_rejected_n950.pt,results/analysis/global_topN_component_alignment_sweep/figs/mmlu__scope-global__ptype-shared_noflip__seed42__layer14__eps0.5__ambig__rejected__k0.png,shared_noflip
mmlu,global,True,42,14,0.5,ambig,shared_noflip,chosen,1,top5_by_explained_variance,"0,1,2,3,4",-0.401599215396057,200,0.2160489708185196,0.19037410616874695,0.09798286855220795,0.29798150062561035,results/outputs/global_verify_components/pca/pca_global_train_seed42_layer14_eps0.5_k10_ambig_shared_noflip_chosen_n800.pt,results/analysis/global_topN_component_alignment_sweep/figs/mmlu__scope-global__ptype-shared_noflip__seed42__layer14__eps0.5__ambig__chosen__k1.png,shared_noflip
mmlu,global,True,42,14,0.5,ambig,shared_noflip,chosen,1,top5_by_explained_variance,"0,1,2,3,4",-0.2871362764882757,200,0.16316507756710052,0.12969595193862915,0.057917747646570206,0.25179359316825867,results/outputs/global_verify_components/pca/pca_global_train_seed42_layer14_eps0.5_k10_ambig_shared_noflip_chosen_n950.pt,results/analysis/global_topN_component_alignment_sweep/figs/mmlu__scope-global__ptype-shared_noflip__seed42__layer14__eps0.5__ambig__chosen__k1.png,shared_noflip
mmlu,global,True,42,14,0.5,ambig,shared_noflip,rejected,1,top5_by_explained_variance,"0,1,2,3,4",-0.45314703960960995,200,0.3371867835521698,0.36321666836738586,0.2064080685377121,0.4677700996398926,results/outputs/global_verify_components/pca/pca_global_train_seed42_layer14_eps0.5_k10_ambig_shared_noflip_rejected_n800.pt,results/analysis/global_topN_component_alignment_sweep/figs/mmlu__scope-global__ptype-shared_noflip__seed42__layer14__eps0.5__ambig__rejected__k1.png,shared_noflip
mmlu,global,True,42,14,0.5,ambig,shared_noflip,rejected,1,top5_by_explained_variance,"0,1,2,3,4",-0.35787630971699497,200,0.2625976800918579,0.29282641410827637,0.14527654647827148,0.37208402156829834,results/outputs/global_verify_components/pca/pca_global_train_seed42_layer14_eps0.5_k10_ambig_shared_noflip_rejected_n950.pt,results/analysis/global_topN_component_alignment_sweep/figs/mmlu__scope-global__ptype-shared_noflip__seed42__layer14__eps0.5__ambig__rejected__k1.png,shared_noflip
mmlu,global,True,42,14,0.5,ambig,shared_noflip,chosen,2,top5_by_explained_variance,"0,1,2,3,4",-0.08121304458031806,200,0.1737709641456604,0.15341433882713318,0.08368391543626785,0.26356613636016846,results/outputs/global_verify_components/pca/pca_global_train_seed42_layer14_eps0.5_k10_ambig_shared_noflip_chosen_n800.pt,results/analysis/global_topN_component_alignment_sweep/figs/mmlu__scope-global__ptype-shared_noflip__seed42__layer14__eps0.5__ambig__chosen__k2.png,shared_noflip
mmlu,global,True,42,14,0.5,ambig,shared_noflip,chosen,2,top5_by_explained_variance,"0,1,2,3,4",0.264491885591573,200,0.11738212406635284,0.08597396314144135,0.044037237763404846,0.1660514622926712,results/outputs/global_verify_components/pca/pca_global_train_seed42_layer14_eps0.5_k10_ambig_shared_noflip_chosen_n950.pt,results/analysis/global_topN_component_alignment_sweep/figs/mmlu__scope-global__ptype-shared_noflip__seed42__layer14__eps0.5__ambig__chosen__k2.png,shared_noflip
mmlu,global,True,42,14,0.5,ambig,shared_noflip,rejected,2,top5_by_explained_variance,"0,1,2,3,4",-0.20406987381806482,200,0.11372581124305725,0.10768933594226837,0.04252718389034271,0.16591006517410278,results/outputs/global_verify_components/pca/pca_global_train_seed42_layer14_eps0.5_k10_ambig_shared_noflip_rejected_n800.pt,results/analysis/global_topN_component_alignment_sweep/figs/mmlu__scope-global__ptype-shared_noflip__seed42__layer14__eps0.5__ambig__rejected__k2.png,shared_noflip
mmlu,global,True,42,14,0.5,ambig,shared_noflip,rejected,2,top5_by_explained_variance,"0,1,2,3,4",0.38280330197975665,200,0.14354823529720306,0.1459784209728241,0.08635178953409195,0.20312918722629547,results/outputs/global_verify_components/pca/pca_global_train_seed42_layer14_eps0.5_k10_ambig_shared_noflip_rejected_n950.pt,results/analysis/global_topN_component_alignment_sweep/figs/mmlu__scope-global__ptype-shared_noflip__seed42__layer14__eps0.5__ambig__rejected__k2.png,shared_noflip
mmlu,global,True,42,14,0.5,ambig,shared_noflip,chosen,3,top5_by_explained_variance,"0,1,2,3,4",0.47479003700356626,200,0.16421633958816528,0.16486458480358124,0.09257130324840546,0.23899516463279724,results/outputs/global_verify_components/pca/pca_global_train_seed42_layer14_eps0.5_k10_ambig_shared_noflip_chosen_n800.pt,results/analysis/global_topN_component_alignment_sweep/figs/mmlu__scope-global__ptype-shared_noflip__seed42__layer14__eps0.5__ambig__chosen__k3.png,shared_noflip
mmlu,global,True,42,14,0.5,ambig,shared_noflip,chosen,3,top5_by_explained_variance,"0,1,2,3,4",-0.09173116863072926,200,0.13777035474777222,0.11858838051557541,0.058543916791677475,0.20567134022712708,results/outputs/global_verify_components/pca/pca_global_train_seed42_layer14_eps0.5_k10_ambig_shared_noflip_chosen_n950.pt,results/analysis/global_topN_component_alignment_sweep/figs/mmlu__scope-global__ptype-shared_noflip__seed42__layer14__eps0.5__ambig__chosen__k3.png,shared_noflip
mmlu,global,True,42,14,0.5,ambig,shared_noflip,rejected,3,top5_by_explained_variance,"0,1,2,3,4",0.2180761116508371,200,0.09702900797128677,0.07769037783145905,0.04348095878958702,0.12561927735805511,results/outputs/global_verify_components/pca/pca_global_train_seed42_layer14_eps0.5_k10_ambig_shared_noflip_rejected_n800.pt,results/analysis/global_topN_component_alignment_sweep/figs/mmlu__scope-global__ptype-shared_noflip__seed42__layer14__eps0.5__ambig__rejected__k3.png,shared_noflip
mmlu,global,True,42,14,0.5,ambig,shared_noflip,rejected,3,top5_by_explained_variance,"0,1,2,3,4",-0.22512367458690988,200,0.11135181784629822,0.10152097046375275,0.044164031744003296,0.1602877676486969,results/outputs/global_verify_components/pca/pca_global_train_seed42_layer14_eps0.5_k10_ambig_shared_noflip_rejected_n950.pt,results/analysis/global_topN_component_alignment_sweep/figs/mmlu__scope-global__ptype-shared_noflip__seed42__layer14__eps0.5__ambig__rejected__k3.png,shared_noflip
mmlu,global,True,42,14,0.5,ambig,shared_noflip,chosen,4,top5_by_explained_variance,"0,1,2,3,4",-0.0848575335764913,200,0.08198420703411102,0.055567946285009384,0.022500891238451004,0.11660421639680862,results/outputs/global_verify_components/pca/pca_global_train_seed42_layer14_eps0.5_k10_ambig_shared_noflip_chosen_n800.pt,results/analysis/global_topN_component_alignment_sweep/figs/mmlu__scope-global__ptype-shared_noflip__seed42__layer14__eps0.5__ambig__chosen__k4.png,shared_noflip
mmlu,global,True,42,14,0.5,ambig,shared_noflip,chosen,4,top5_by_explained_variance,"0,1,2,3,4",0.5598852448836414,200,0.18732041120529175,0.19585132598876953,0.12895406782627106,0.250107079744339,results/outputs/global_verify_components/pca/pca_global_train_seed42_layer14_eps0.5_k10_ambig_shared_noflip_chosen_n950.pt,results/analysis/global_topN_component_alignment_sweep/figs/mmlu__scope-global__ptype-shared_noflip__seed42__layer14__eps0.5__ambig__chosen__k4.png,shared_noflip
mmlu,global,True,42,14,0.5,ambig,shared_noflip,rejected,4,top5_by_explained_variance,"0,1,2,3,4",0.2811323401338138,200,0.11135849356651306,0.10373015701770782,0.04587579146027565,0.1631263792514801,results/outputs/global_verify_components/pca/pca_global_train_seed42_layer14_eps0.5_k10_ambig_shared_noflip_rejected_n800.pt,results/analysis/global_topN_component_alignment_sweep/figs/mmlu__scope-global__ptype-shared_noflip__seed42__layer14__eps0.5__ambig__rejected__k4.png,shared_noflip
mmlu,global,True,42,14,0.5,ambig,shared_noflip,rejected,4,top5_by_explained_variance,"0,1,2,3,4",0.01936292966935114,200,0.08854960650205612,0.06669344007968903,0.02756616845726967,0.1302981674671173,results/outputs/global_verify_components/pca/pca_global_train_seed42_layer14_eps0.5_k10_ambig_shared_noflip_rejected_n950.pt,results/analysis/global_topN_component_alignment_sweep/figs/mmlu__scope-global__ptype-shared_noflip__seed42__layer14__eps0.5__ambig__rejected__k4.png,shared_noflip
sgxs,global,True,42,14,0.5,ambig,separate,chosen,0,top5_by_explained_variance,"0,1,2,3,4",0.049387456661251175,150,0.32386860251426697,0.3294799327850342,0.2917824387550354,0.3638976514339447,results/outputs/global_verify_components/pca/pca_global_train_seed42_layer14_eps0.5_k10_ambig_separate_chosen_n950.pt,results/analysis/global_topN_component_alignment_sweep/figs/sgxs__scope-global__ptype-separate__seed42__layer14__eps0.5__ambig__chosen__k0.png,separate
sgxs,global,True,42,14,0.5,ambig,separate,rejected,0,top5_by_explained_variance,"0,1,2,3,4",0.18238903733752743,150,0.36446139216423035,0.36774635314941406,0.32403263449668884,0.41169512271881104,results/outputs/global_verify_components/pca/pca_global_train_seed42_layer14_eps0.5_k10_ambig_separate_rejected_n950.pt,results/analysis/global_topN_component_alignment_sweep/figs/sgxs__scope-global__ptype-separate__seed42__layer14__eps0.5__ambig__rejected__k0.png,separate
sgxs,global,True,42,14,0.5,ambig,separate,chosen,1,top5_by_explained_variance,"0,1,2,3,4",0.298793406660217,150,0.12970858812332153,0.07684171199798584,0.03290387988090515,0.18953096866607666,results/outputs/global_verify_components/pca/pca_global_train_seed42_layer14_eps0.5_k10_ambig_separate_chosen_n950.pt,results/analysis/global_topN_component_alignment_sweep/figs/sgxs__scope-global__ptype-separate__seed42__layer14__eps0.5__ambig__chosen__k1.png,separate
sgxs,global,True,42,14,0.5,ambig,separate,rejected,1,top5_by_explained_variance,"0,1,2,3,4",-0.30936929684142506,150,0.06417445838451385,0.05740685388445854,0.02211182750761509,0.10085552930831909,results/outputs/global_verify_components/pca/pca_global_train_seed42_layer14_eps0.5_k10_ambig_separate_rejected_n950.pt,results/analysis/global_topN_component_alignment_sweep/figs/sgxs__scope-global__ptype-separate__seed42__layer14__eps0.5__ambig__rejected__k1.png,separate
sgxs,global,True,42,14,0.5,ambig,separate,chosen,2,top5_by_explained_variance,"0,1,2,3,4",0.2395815397489258,150,0.17510010302066803,0.1771993637084961,0.10815013945102692,0.2401231974363327,results/outputs/global_verify_components/pca/pca_global_train_seed42_layer14_eps0.5_k10_ambig_separate_chosen_n950.pt,results/analysis/global_topN_component_alignment_sweep/figs/sgxs__scope-global__ptype-separate__seed42__layer14__eps0.5__ambig__chosen__k2.png,separate
sgxs,global,True,42,14,0.5,ambig,separate,rejected,2,top5_by_explained_variance,"0,1,2,3,4",-0.12897312632630512,150,0.1548347771167755,0.15040498971939087,0.07808607816696167,0.2379012107849121,results/outputs/global_verify_components/pca/pca_global_train_seed42_layer14_eps0.5_k10_ambig_separate_rejected_n950.pt,results/analysis/global_topN_component_alignment_sweep/figs/sgxs__scope-global__ptype-separate__seed42__layer14__eps0.5__ambig__rejected__k2.png,separate
sgxs,global,True,42,14,0.5,ambig,separate,chosen,3,top5_by_explained_variance,"0,1,2,3,4",-0.31396714406107235,150,0.3083941638469696,0.32167643308639526,0.22061389684677124,0.41522106528282166,results/outputs/global_verify_components/pca/pca_global_train_seed42_layer14_eps0.5_k10_ambig_separate_chosen_n950.pt,results/analysis/global_topN_component_alignment_sweep/figs/sgxs__scope-global__ptype-separate__seed42__layer14__eps0.5__ambig__chosen__k3.png,separate
sgxs,global,True,42,14,0.5,ambig,separate,rejected,3,top5_by_explained_variance,"0,1,2,3,4",0.07433806245411076,150,0.11446501314640045,0.09182803332805634,0.041180066764354706,0.16705992817878723,results/outputs/global_verify_components/pca/pca_global_train_seed42_layer14_eps0.5_k10_ambig_separate_rejected_n950.pt,results/analysis/global_topN_component_alignment_sweep/figs/sgxs__scope-global__ptype-separate__seed42__layer14__eps0.5__ambig__rejected__k3.png,separate
sgxs,global,True,42,14,0.5,ambig,separate,chosen,4,top5_by_explained_variance,"0,1,2,3,4",0.47158452801560535,150,0.1477494090795517,0.1401708871126175,0.07019910216331482,0.20749486982822418,results/outputs/global_verify_components/pca/pca_global_train_seed42_layer14_eps0.5_k10_ambig_separate_chosen_n950.pt,results/analysis/global_topN_component_alignment_sweep/figs/sgxs__scope-global__ptype-separate__seed42__layer14__eps0.5__ambig__chosen__k4.png,separate
sgxs,global,True,42,14,0.5,ambig,separate,rejected,4,top5_by_explained_variance,"0,1,2,3,4",0.10311983170287785,150,0.19967885315418243,0.2042454481124878,0.1634218394756317,0.25567567348480225,results/outputs/global_verify_components/pca/pca_global_train_seed42_layer14_eps0.5_k10_ambig_separate_rejected_n950.pt,results/analysis/global_topN_component_alignment_sweep/figs/sgxs__scope-global__ptype-separate__seed42__layer14__eps0.5__ambig__rejected__k4.png,separate
sgxs,global,True,42,14,0.5,ambig,shared_flip,chosen,0,top5_by_explained_variance,"0,1,2,3,4",0.1050057373629384,150,0.38391000032424927,0.3922230303287506,0.35844457149505615,0.42604053020477295,results/outputs/global_verify_components/pca/pca_global_train_seed42_layer14_eps0.5_k10_ambig_shared_flip_chosen_n950.pt,results/analysis/global_topN_component_alignment_sweep/figs/sgxs__scope-global__ptype-shared_flip__seed42__layer14__eps0.5__ambig__chosen__k0.png,shared_flip
sgxs,global,True,42,14,0.5,ambig,shared_flip,rejected,0,top5_by_explained_variance,"0,1,2,3,4",0.09183982761131208,150,0.4243472218513489,0.4330283999443054,0.3949647545814514,0.4720906615257263,results/outputs/global_verify_components/pca/pca_global_train_seed42_layer14_eps0.5_k10_ambig_shared_flip_rejected_n950.pt,results/analysis/global_topN_component_alignment_sweep/figs/sgxs__scope-global__ptype-shared_flip__seed42__layer14__eps0.5__ambig__rejected__k0.png,shared_flip
sgxs,global,True,42,14,0.5,ambig,shared_flip,chosen,1,top5_by_explained_variance,"0,1,2,3,4",0.0097228769592957,150,0.09752482175827026,0.07746043801307678,0.0338456854224205,0.15092717111110687,results/outputs/global_verify_components/pca/pca_global_train_seed42_layer14_eps0.5_k10_ambig_shared_flip_chosen_n950.pt,results/analysis/global_topN_component_alignment_sweep/figs/sgxs__scope-global__ptype-shared_flip__seed42__layer14__eps0.5__ambig__chosen__k1.png,shared_flip
sgxs,global,True,42,14,0.5,ambig,shared_flip,rejected,1,top5_by_explained_variance,"0,1,2,3,4",-0.09412657270489773,150,0.054240453988313675,0.04766365885734558,0.02511507272720337,0.07797939330339432,results/outputs/global_verify_components/pca/pca_global_train_seed42_layer14_eps0.5_k10_ambig_shared_flip_rejected_n950.pt,results/analysis/global_topN_component_alignment_sweep/figs/sgxs__scope-global__ptype-shared_flip__seed42__layer14__eps0.5__ambig__rejected__k1.png,shared_flip
sgxs,global,True,42,14,0.5,ambig,shared_flip,chosen,2,top5_by_explained_variance,"0,1,2,3,4",0.06596613724072996,150,0.14230981469154358,0.15196460485458374,0.07325191795825958,0.2091563642024994,results/outputs/global_verify_components/pca/pca_global_train_seed42_layer14_eps0.5_k10_ambig_shared_flip_chosen_n950.pt,results/analysis/global_topN_component_alignment_sweep/figs/sgxs__scope-global__ptype-shared_flip__seed42__layer14__eps0.5__ambig__chosen__k2.png,shared_flip
sgxs,global,True,42,14,0.5,ambig,shared_flip,rejected,2,top5_by_explained_variance,"0,1,2,3,4",-0.06915282421697802,150,0.21127784252166748,0.21701547503471375,0.15012118220329285,0.27795714139938354,results/outputs/global_verify_components/pca/pca_global_train_seed42_layer14_eps0.5_k10_ambig_shared_flip_rejected_n950.pt,results/analysis/global_topN_component_alignment_sweep/figs/sgxs__scope-global__ptype-shared_flip__seed42__layer14__eps0.5__ambig__rejected__k2.png,shared_flip
sgxs,global,True,42,14,0.5,ambig,shared_flip,chosen,3,top5_by_explained_variance,"0,1,2,3,4",0.06246937684845239,150,0.14781315624713898,0.147535040974617,0.09281408786773682,0.2041533887386322,results/outputs/global_verify_components/pca/pca_global_train_seed42_layer14_eps0.5_k10_ambig_shared_flip_chosen_n950.pt,results/analysis/global_topN_component_alignment_sweep/figs/sgxs__scope-global__ptype-shared_flip__seed42__layer14__eps0.5__ambig__chosen__k3.png,shared_flip
sgxs,global,True,42,14,0.5,ambig,shared_flip,rejected,3,top5_by_explained_variance,"0,1,2,3,4",-0.04939540468760447,150,0.15671533346176147,0.1572587639093399,0.09698861837387085,0.21275292336940765,results/outputs/global_verify_components/pca/pca_global_train_seed42_layer14_eps0.5_k10_ambig_shared_flip_rejected_n950.pt,results/analysis/global_topN_component_alignment_sweep/figs/sgxs__scope-global__ptype-shared_flip__seed42__layer14__eps0.5__ambig__rejected__k3.png,shared_flip
sgxs,global,True,42,14,0.5,ambig,shared_flip,chosen,4,top5_by_explained_variance,"0,1,2,3,4",0.04927070079365025,150,0.14712382853031158,0.15479333698749542,0.11963064223527908,0.19528551399707794,results/outputs/global_verify_components/pca/pca_global_train_seed42_layer14_eps0.5_k10_ambig_shared_flip_chosen_n950.pt,results/analysis/global_topN_component_alignment_sweep/figs/sgxs__scope-global__ptype-shared_flip__seed42__layer14__eps0.5__ambig__chosen__k4.png,shared_flip
sgxs,global,True,42,14,0.5,ambig,shared_flip,rejected,4,top5_by_explained_variance,"0,1,2,3,4",-0.0399836822714493,150,0.17840315401554108,0.18223685026168823,0.13764730095863342,0.22203361988067627,results/outputs/global_verify_components/pca/pca_global_train_seed42_layer14_eps0.5_k10_ambig_shared_flip_rejected_n950.pt,results/analysis/global_topN_component_alignment_sweep/figs/sgxs__scope-global__ptype-shared_flip__seed42__layer14__eps0.5__ambig__rejected__k4.png,shared_flip
sgxs,global,True,42,14,0.5,ambig,shared_noflip,chosen,0,top5_by_explained_variance,"0,1,2,3,4",0.4297283864670744,150,0.11551520973443985,0.1034524217247963,0.04892721399664879,0.1848115772008896,results/outputs/global_verify_components/pca/pca_global_train_seed42_layer14_eps0.5_k10_ambig_shared_noflip_chosen_n950.pt,results/analysis/global_topN_component_alignment_sweep/figs/sgxs__scope-global__ptype-shared_noflip__seed42__layer14__eps0.5__ambig__chosen__k0.png,shared_noflip
sgxs,global,True,42,14,0.5,ambig,shared_noflip,rejected,0,top5_by_explained_variance,"0,1,2,3,4",-0.20848998014017944,150,0.07388399541378021,0.05721799656748772,0.0284543726593256,0.10637904703617096,results/outputs/global_verify_components/pca/pca_global_train_seed42_layer14_eps0.5_k10_ambig_shared_noflip_rejected_n950.pt,results/analysis/global_topN_component_alignment_sweep/figs/sgxs__scope-global__ptype-shared_noflip__seed42__layer14__eps0.5__ambig__rejected__k0.png,shared_noflip
sgxs,global,True,42,14,0.5,ambig,shared_noflip,chosen,1,top5_by_explained_variance,"0,1,2,3,4",0.09590471629394676,150,0.12269026786088943,0.09856350719928741,0.038844384253025055,0.1890914887189865,results/outputs/global_verify_components/pca/pca_global_train_seed42_layer14_eps0.5_k10_ambig_shared_noflip_chosen_n950.pt,results/analysis/global_topN_component_alignment_sweep/figs/sgxs__scope-global__ptype-shared_noflip__seed42__layer14__eps0.5__ambig__chosen__k1.png,shared_noflip
sgxs,global,True,42,14,0.5,ambig,shared_noflip,rejected,1,top5_by_explained_variance,"0,1,2,3,4",-0.24850157492077699,150,0.2893368899822235,0.3016960918903351,0.15352167189121246,0.4235897958278656,results/outputs/global_verify_components/pca/pca_global_train_seed42_layer14_eps0.5_k10_ambig_shared_noflip_rejected_n950.pt,results/analysis/global_topN_component_alignment_sweep/figs/sgxs__scope-global__ptype-shared_noflip__seed42__layer14__eps0.5__ambig__rejected__k1.png,shared_noflip
sgxs,global,True,42,14,0.5,ambig,shared_noflip,chosen,2,top5_by_explained_variance,"0,1,2,3,4",0.2284683423799959,150,0.45646393299102783,0.49038705229759216,0.317833811044693,0.6090236902236938,results/outputs/global_verify_components/pca/pca_global_train_seed42_layer14_eps0.5_k10_ambig_shared_noflip_chosen_n950.pt,results/analysis/global_topN_component_alignment_sweep/figs/sgxs__scope-global__ptype-shared_noflip__seed42__layer14__eps0.5__ambig__chosen__k2.png,shared_noflip
sgxs,global,True,42,14,0.5,ambig,shared_noflip,rejected,2,top5_by_explained_variance,"0,1,2,3,4",-0.20115289278173137,150,0.43670228123664856,0.46933597326278687,0.33371490240097046,0.5423693656921387,results/outputs/global_verify_components/pca/pca_global_train_seed42_layer14_eps0.5_k10_ambig_shared_noflip_rejected_n950.pt,results/analysis/global_topN_component_alignment_sweep/figs/sgxs__scope-global__ptype-shared_noflip__seed42__layer14__eps0.5__ambig__rejected__k2.png,shared_noflip
sgxs,global,True,42,14,0.5,ambig,shared_noflip,chosen,3,top5_by_explained_variance,"0,1,2,3,4",-0.06534208321295229,150,0.24638277292251587,0.25074225664138794,0.14821456372737885,0.36957448720932007,results/outputs/global_verify_components/pca/pca_global_train_seed42_layer14_eps0.5_k10_ambig_shared_noflip_chosen_n950.pt,results/analysis/global_topN_component_alignment_sweep/figs/sgxs__scope-global__ptype-shared_noflip__seed42__layer14__eps0.5__ambig__chosen__k3.png,shared_noflip
sgxs,global,True,42,14,0.5,ambig,shared_noflip,rejected,3,top5_by_explained_variance,"0,1,2,3,4",0.15041750351834662,150,0.09276437014341354,0.08210039883852005,0.0472886897623539,0.1332188993692398,results/outputs/global_verify_components/pca/pca_global_train_seed42_layer14_eps0.5_k10_ambig_shared_noflip_rejected_n950.pt,results/analysis/global_topN_component_alignment_sweep/figs/sgxs__scope-global__ptype-shared_noflip__seed42__layer14__eps0.5__ambig__rejected__k3.png,shared_noflip
sgxs,global,True,42,14,0.5,ambig,shared_noflip,chosen,4,top5_by_explained_variance,"0,1,2,3,4",0.15788425312333831,150,0.17990130186080933,0.16073577105998993,0.07428187131881714,0.26061612367630005,results/outputs/global_verify_components/pca/pca_global_train_seed42_layer14_eps0.5_k10_ambig_shared_noflip_chosen_n950.pt,results/analysis/global_topN_component_alignment_sweep/figs/sgxs__scope-global__ptype-shared_noflip__seed42__layer14__eps0.5__ambig__chosen__k4.png,shared_noflip
sgxs,global,True,42,14,0.5,ambig,shared_noflip,rejected,4,top5_by_explained_variance,"0,1,2,3,4",0.17252307746401055,150,0.22446514666080475,0.1733921468257904,0.09375956654548645,0.3324412703514099,results/outputs/global_verify_components/pca/pca_global_train_seed42_layer14_eps0.5_k10_ambig_shared_noflip_rejected_n950.pt,results/analysis/global_topN_component_alignment_sweep/figs/sgxs__scope-global__ptype-shared_noflip__seed42__layer14__eps0.5__ambig__rejected__k4.png,shared_noflip
